Name,Team,Position,Playing Experience with Current Team (years),Total Years of Experience,Salary,,,,,,,,,,,,,,
Mike Trout,Los Vegas,Outfielder,3,6,"$44,083,333",,,Measures of central tendency,,,,,SUMMARY OUTPUT,,,,,,
Clayton Kershaw,Los Angeles Dodgers,Pitcher,4,8,"$43,000,000",,,"Calculate the mean, median, and mode of the salaries. 
 ",,,,,,,,,,,
Zack Greinke,Arizona Diamondbacks,Pitcher,5,10,"$32,954,483",,,,,,,,Regression Statistics,,,,,,
Miguel Cabrera,Detroit Tigers,First Baseman,5,10,"$30,000,000",,,Mean,"$4,537,421",,,,Multiple R,0.074451683,,,,,
David Price,Boston Red Sox,Pitcher,6,12,"$30,000,000",,,Median,"$1,450,000",,,,R Square,0.005543053,,,,,
Jake Arrieta,Philadelphia Phillies,Pitcher,8,16,"$30,000,000",,,Mode,"$545,000",,,,Adjusted R Square,0.003267408,,,,,
Yoenis Cespedes,New York Mets,Outfielder,3,6,"$29,050,000",,,,,,,,Standard Error,6352163.132,,,,,
Justin Verlander,Houston Astros,Pitcher,4,8,"$28,500,000",,,,,,,,Observations,877,,,,,
Jon Lester,Chicago Cubs,Pitcher,8,16,"$27,500,000",,,Measures of dispersion,,,,,,,,,,,
Albert Pujols,Los Angeles Angels,First Baseman,7,14,"$28,000,000",,,"Calculate the variance and standard deviation of the salaries. 
 ",,,,,ANOVA,,,,,,
Felix Hernandez,Seattle Mariners,Pitcher,5,10,"$26,857,143",,,,,,,,,df,SS,MS,F,Significance F,
Jason Heyward,Chicago Cubs,Outfielder,4,8,"$26,055,288",,,Variance,4.04822E+13,,,,Regression,2,1.9657E+14,9.82851E+13,2.435816038,0.088120278,
Giancarlo Stanton,New York Yankees,Outfielder,3,6,"$25,070,000",,,Standard deviation,6362566.187,,,,Residual,874,3.52659E+16,4.035E+13,,,
Joey Votto,Cincinnati Reds,First Baseman,3,6,"$25,000,000",,,,,,,,Total,876,3.54624E+16,,,,
Yu Darvish,Chicago Cubs,Pitcher,2,4,"$25,000,000",,,,,,,,,,,,,,
Robinson Cano,Seattle Mariners,Second Baseman,5,10,"$24,000,000",,,Minimum and maximum,,,,,,Coefficients,Standard Error,t Stat,P-value,Lower 95%,Upper 95%
Jordan Zimmermann,Detroit Tigers,Pitcher,7,14,"$24,000,000",,,"Calculate the minimum salary and maximum salary
 ",,,,,Intercept,4379971.192,469535.9039,9.328298763,8.61E-20,3458421.567,5301520.816
J.D. Martinez,Boston Red Sox,Outfielder,3,6,"$23,750,000",,,,,,,,Playing Experience with Current Team (years),-1539147.578,702636.1656,-2.190532815,0.028749112,-2918198.869,-160096.2867
Joe Mauer,Minnesota Twins,First Baseman,7,14,"$23,000,000",,,Minimum,"$545,000",,,,Total Years of Experience,794530.8396,360001.0765,2.20702351,0.027571663,87963.23945,1501098.44
Josh Donaldson,Toronto Blue Jays,Third Baseman,7,14,"$23,000,000",,,Maximum,"$44,083,333",,,,,,,,,,
Hanley Ramirez,Boston Red Sox,First Baseman,8,16,"$22,750,000",,,,,,,,,,,,,,
Johnny Cueto,San Francisco Giants,Pitcher,4,8,"$22,666,666",,,,,,,,,,,,,,
Cole Hamels,Texas Rangers,Pitcher,5,10,"$22,500,000",,,Quartiles and percentiles,,,,,,,,,,,
Adrian Gonzalez,New York Mets,First Baseman,6,12,"$22,357,142",,,Calculate the quartiles and percentiles of the salaries,,,,,,,,,,,
Buster Posey,San Francisco Giants,Catcher,2,4,"$22,177,778",,,,,,,,,,,,,,
Max Scherzer,Washington Nationals,Pitcher,4,8,"$22,142,857",,,Q1,"$557,471.00",,,,,,,,,,
Masahiro Tanaka,New York Yankees,Pitcher,5,10,"$22,000,000",,,Q2,"$1,450,000.00",,,,,,,,,,
Ian Desmond,Colorado Rockies,First Baseman,6,12,"$22,000,000",,,Q3,"$6,000,000.00",,,,,,,,,,
Yadier Molina,St. Louis Cardinals,Catcher,2,4,"$22,000,000",,,P01,"$545,000.00",,,,,,,,,,
Jacoby Ellsbury,New York Yankees,Outfielder,1,2,"$21,857,142",,,P05,"$545,320.00",,,,,,,,,,
Eric Hosmer,San Diego Padres,First Baseman,8,16,"$21,625,000",,,P50,"$1,450,000.00",,,,,,,,,,
Bryce Harper,Washington Nationals,Outfielder,2,4,"$21,625,000",,,P75,"$6,000,000.00",,,,,,,,,,
Matt Kemp,Los Angeles Dodgers,Outfielder,5,10,"$21,500,000",,,P95,"$19,520,000.00",,,,,,,,,,
Freddie Freeman,Atlanta Braves,First Baseman,2,4,"$21,359,375",,,P99,"$27,620,000.00",,,,,,,,,,
James Shields,Chicago White Sox,Pitcher,8,16,"$21,250,000",,,,,,,,,,,,,,
Chris Davis,Baltimore Orioles,First Baseman,5,10,"$21,169,326",,,,,,,,,,,,,,
Rick Porcello,Boston Red Sox,Pitcher,2,4,"$21,125,000",,,,,,,,,,,,,,
Homer Bailey,Cincinnati Reds,Pitcher,2,4,"$21,000,000",,,,,,,,,,,,,,
Alex Gordon,Kansas City Royals,Outfielder,2,4,"$21,000,000",,,,,,,,,,,,,,
Troy Tulowitzki,Toronto Blue Jays,Shortstop,5,10,"$20,000,000",,,,,,,,,,,,,,
Shin-Soo Choo,Texas Rangers,Outfielder,6,12,"$20,000,000",,,,,,,,,,,,,,
Russell Martin,Toronto Blue Jays,Catcher,8,16,"$20,000,000",,,,,,,,,,,,,,
Jeff Samardzija,San Francisco Giants,Pitcher,4,8,"$19,800,000",,,,,,,,,,,,,,
Pablo Sandoval,San Francisco Giants,Third Baseman,5,10,"$19,600,000",,,,,,,,,,,,,,
Adam Wainwright,St. Louis Cardinals,Pitcher,4,8,"$19,500,000",,,,,,,,,,,,,,
David Wright,New York Mets,Third Baseman,3,6,"$19,399,744",,,,,,,,,,,,,,
Ryan Braun,Milwaukee Brewers,Outfielder,3,6,"$19,088,823",,,,,,,,,,,,,,
Kyle Seager,Seattle Mariners,Third Baseman,1,2,"$19,000,000",,,,,,,,,,,,,,
Hunter Pence,San Francisco Giants,Outfielder,2,4,"$18,700,000",,,,,,,,,,,,,,
Edwin Encarnacion,Cleveland Indians,Designated Hitter,1,2,"$18,666,667",,,,,,,,,,,,,,
Carlos Santana,Philadelphia Phillies,First Baseman,3,6,"$18,500,000",,,,,,,,,,,,,,
Mike Leake,Seattle Mariners,Pitcher,4,8,"$18,000,000",,,,,,,,,,,,,,
Victor Martinez,Detroit Tigers,Designated Hitter,2,4,"$18,000,000",,,,,,,,,,,,,,
Adrian Beltre,Texas Rangers,Third Baseman,2,4,"$18,000,000",,,,,,,,,,,,,,
Nolan Arenado,Colorado Rockies,Third Baseman,4,8,"$17,750,000",,,,,,,,,,,,,,
Justin Upton,Los Angeles Angels,Outfielder,2,4,"$17,700,000",,,,,,,,,,,,,,
Daniel Murphy,Washington Nationals,Second Baseman,3,6,"$17,500,000",,,,,,,,,,,,,,
Adam Jones,Baltimore Orioles,Outfielder,3,6,"$17,393,152",,,,,,,,,,,,,,
Aroldis Chapman,New York Yankees,Pitcher,4,8,"$17,200,000",,,,,,,,,,,,,,
Brandon Belt,San Francisco Giants,First Baseman,6,12,"$17,200,000",,,,,,,,,,,,,,
Brian McCann,Houston Astros,Catcher,2,4,"$17,000,000",,,,,,,,,,,,,,
Rich Hill,Los Angeles Dodgers,Pitcher,4,8,"$16,666,667",,,,,,,,,,,,,,
Dexter Fowler,St. Louis Cardinals,Outfielder,6,12,"$16,500,000",,,,,,,,,,,,,,
Ben Zobrist,Chicago Cubs,Second Baseman,1,2,"$16,500,000",,,,,,,,,,,,,,
Stephen Strasburg,Washington Nationals,Pitcher,2,4,"$16,428,571",,,,,,,,,,,,,,
Wade Davis,Colorado Rockies,Pitcher,3,6,"$16,333,333",,,,,,,,,,,,,,
Ian Kennedy,Kansas City Royals,Pitcher,1,2,"$16,000,000",,,,,,,,,,,,,,
Manny Machado,Baltimore Orioles,Shortstop,1,2,"$16,000,000",,,,,,,,,,,,,,
Dustin Pedroia,Boston Red Sox,Second Baseman,3,6,"$15,521,686",,,,,,,,,,,,,,
Elvis Andrus,Texas Rangers,Shortstop,4,8,"$15,333,333",,,,,,,,,,,,,,
Brandon Crawford,San Francisco Giants,Shortstop,6,12,"$15,200,000",,,,,,,,,,,,,,
Mark Melancon,San Francisco Giants,Pitcher,3,6,"$15,000,000",,,,,,,,,,,,,,
Andrew McCutchen,San Francisco Giants,Outfielder,1,2,"$14,750,000",,,,,,,,,,,,,,
Evan Longoria,San Francisco Giants,Third Baseman,3,6,"$14,500,000",,,,,,,,,,,,,,
Ryan Zimmerman,Washington Nationals,First Baseman,3,6,"$14,333,333",,,,,,,,,,,,,,
Nelson Cruz,Seattle Mariners,Designated Hitter,4,8,"$14,250,000",,,,,,,,,,,,,,
Matt Carpenter,St. Louis Cardinals,First Baseman,8,16,"$14,083,333",,,,,,,,,,,,,,
Lorenzo Cain,Milwaukee Brewers,Outfielder,9,18,"$14,000,000",,,,,,,,,,,,,,
Danny Duffy,Kansas City Royals,Pitcher,6,12,"$14,000,000",,,,,,,,,,,,,,
Alex Cobb,Baltimore Orioles,Pitcher,4,8,"$14,000,000",,,,,,,,,,,,,,
Charlie Blackmon,Colorado Rockies,Outfielder,9,18,"$14,000,000",,,,,,,,,,,,,,
Craig Kimbrel,Boston Red Sox,Pitcher,6,12,"$13,900,000",,,,,,,,,,,,,,
Jason Kipnis,Cleveland Indians,Second Baseman,8,16,"$13,666,667",,,,,,,,,,,,,,
Ervin Santana,Minnesota Twins,Pitcher,5,10,"$13,500,000",,,,,,,,,,,,,,
Martin Prado,Miami Marlins,Third Baseman,4,8,"$13,500,000",,,,,,,,,,,,,,
Phil Hughes,Minnesota Twins,Pitcher,5,10,"$13,200,000",,,,,,,,,,,,,,
Dallas Keuchel,Houston Astros,Pitcher,5,10,"$13,200,000",,,,,,,,,,,,,,
Devin Mesoraco,Cincinnati Reds,Catcher,6,12,"$13,125,000",,,,,,,,,,,,,,
Chase Headley,San Diego Padres,Third Baseman,2,4,"$13,000,000",,,,,,,,,,,,,,
Josh Reddick,Houston Astros,Outfielder,2,4,"$13,000,000",,,,,,,,,,,,,,
David Robertson,New York Yankees,Pitcher,2,4,"$13,000,000",,,,,,,,,,,,,,
J.A. Happ,Toronto Blue Jays,Pitcher,1,2,"$13,000,000",,,,,,,,,,,,,,
Jose Abreu,Chicago White Sox,First Baseman,2,4,"$13,000,000",,,,,,,,,,,,,,
Marco Estrada,Toronto Blue Jays,Pitcher,2,4,"$13,000,000",,,,,,,,,,,,,,
Zack Cozart,Los Angeles Angels,Third Baseman,2,4,"$12,666,666",,,,,,,,,,,,,,
Tyler Chatwood,Chicago Cubs,Pitcher,2,4,"$12,500,000",,,,,,,,,,,,,,
Chris Sale,Boston Red Sox,Pitcher,2,4,"$12,500,000",,,,,,,,,,,,,,
Denard Span,Tampa Bay Rays,Outfielder,2,4,"$12,333,333",,,,,,,,,,,,,,
Anthony Rendon,Washington Nationals,Third Baseman,3,6,"$12,300,000",,,,,,,,,,,,,,
Mark Trumbo,Baltimore Orioles,Designated Hitter,1,2,"$12,274,428",,,,,,,,,,,,,,
Justin Turner,Los Angeles Dodgers,Third Baseman,2,4,"$12,000,000",,,,,,,,,,,,,,
Brett Gardner,New York Yankees,Outfielder,5,10,"$12,000,000",,,,,,,,,,,,,,
Yulieski Gurriel,Houston Astros,First Baseman,4,8,"$12,000,000",,,,,,,,,,,,,,
George Springer,Houston Astros,Outfielder,6,12,"$12,000,000",,,,,,,,,,,,,,
Gio Gonzalez,Washington Nationals,Pitcher,4,8,"$12,000,000",,,,,,,,,,,,,,
Lance Lynn,Minnesota Twins,Pitcher,5,10,"$12,000,000",,,,,,,,,,,,,,
Madison Bumgarner,San Francisco Giants,Pitcher,6,12,"$12,000,000",,,,,,,,,,,,,,
Michael Brantley,Cleveland Indians,Outfielder,4,8,"$12,000,000",,,,,,,,,,,,,,
Zach Britton,Baltimore Orioles,Pitcher,5,10,"$12,000,000",,,,,,,,,,,,,,
Carlos Martinez,St. Louis Cardinals,Pitcher,8,16,"$11,800,000",,,,,,,,,,,,,,
Brandon McCarthy,Atlanta Braves,Pitcher,4,8,"$11,500,000",,,,,,,,,,,,,,
Paul Goldschmidt,Arizona Diamondbacks,First Baseman,6,12,"$11,083,333",,,,,,,,,,,,,,
Starlin Castro,Miami Marlins,Second Baseman,1,2,"$11,000,000",,,,,,,,,,,,,,
Andrelton Simmons,Los Angeles Angels,Shortstop,7,14,"$11,000,000",,,,,,,,,,,,,,
Dee Gordon,Seattle Mariners,Outfielder,8,16,"$11,000,000",,,,,,,,,,,,,,
Nick Markakis,Atlanta Braves,Outfielder,8,16,"$11,000,000",,,,,,,,,,,,,,
Jay Bruce,New York Mets,Outfielder,1,2,"$11,000,000",,,,,,,,,,,,,,
Kendrys Morales,Toronto Blue Jays,Designated Hitter,10,20,"$11,000,000",,,,,,,,,,,,,,
Ian Kinsler,Los Angeles Angels,Second Baseman,4,8,"$11,000,000",,,,,,,,,,,,,,
Kris Bryant,Chicago Cubs,Third Baseman,4,8,"$10,850,000",,,,,,,,,,,,,,
Kenley Jansen,Los Angeles Dodgers,Pitcher,5,10,"$10,800,000",,,,,,,,,,,,,,
Corey Kluber,Cleveland Indians,Pitcher,6,12,"$10,700,000",,,,,,,,,,,,,,
Cody Allen,Cleveland Indians,Pitcher,4,8,"$10,575,000",,,,,,,,,,,,,,
Francisco Cervelli,Pittsburgh Pirates,Catcher,9,18,"$10,500,000",,,,,,,,,,,,,,
Josh Harrison,Pittsburgh Pirates,Second Baseman,6,12,"$10,500,000",,,,,,,,,,,,,,
Brandon Morrow,Chicago Cubs,Pitcher,7,14,"$10,500,000",,,,,,,,,,,,,,
Khris Davis,Oakland Athletics,Outfielder,9,18,"$10,500,000",,,,,,,,,,,,,,
Matt Wieters,Washington Nationals,Catcher,6,12,"$10,500,000",,,,,,,,,,,,,,
Mookie Betts,Boston Red Sox,Outfielder,4,8,"$10,500,000",,,,,,,,,,,,,,
Wei-Yin Chen,Miami Marlins,Pitcher,6,12,"$10,000,000",,,,,,,,,,,,,,
Gerardo Parra,Colorado Rockies,Outfielder,4,8,"$10,000,000",,,,,,,,,,,,,,
Jason Hammel,Kansas City Royals,Pitcher,6,12,"$10,000,000",,,,,,,,,,,,,,
CC Sabathia,New York Yankees,Pitcher,7,14,"$10,000,000",,,,,,,,,,,,,,
Jaime Garcia,Toronto Blue Jays,Pitcher,8,16,"$10,000,000",,,,,,,,,,,,,,
Jean Segura,Seattle Mariners,Shortstop,11,22,"$9,800,000",,,,,,,,,,,,,,
Joakim Soria,Chicago White Sox,Pitcher,7,14,"$9,333,333",,,,,,,,,,,,,,
Matt Moore,Texas Rangers,Pitcher,6,12,"$9,250,000",,,,,,,,,,,,,,
AJ Ramos,New York Mets,Pitcher,5,10,"$9,225,000",,,,,,,,,,,,,,
Yasiel Puig,Los Angeles Dodgers,Outfielder,4,8,"$9,214,285",,,,,,,,,,,,,,
Ivan Nova,Pittsburgh Pirates,Pitcher,2,4,"$9,166,667",,,,,,,,,,,,,,
Jedd Gyorko,St. Louis Cardinals,Third Baseman,3,6,"$9,166,666",,,,,,,,,,,,,,
Jose Altuve,Houston Astros,Second Baseman,4,8,"$9,000,000",,,,,,,,,,,,,,
Andrew Miller,Cleveland Indians,Pitcher,9,18,"$9,000,000",,,,,,,,,,,,,,
Brian Dozier,Minnesota Twins,Second Baseman,6,12,"$9,000,000",,,,,,,,,,,,,,
Tommy Hunter,Philadelphia Phillies,Pitcher,3,6,"$9,000,000",,,,,,,,,,,,,,
Brad Ziegler,Miami Marlins,Pitcher,4,8,"$9,000,000",,,,,,,,,,,,,,
Logan Forsythe,Los Angeles Dodgers,Second Baseman,8,16,"$9,000,000",,,,,,,,,,,,,,
Marcell Ozuna,St. Louis Cardinals,Outfielder,6,12,"$9,000,000",,,,,,,,,,,,,,
Darren O'Day,Baltimore Orioles,Pitcher,3,6,"$8,854,712",,,,,,,,,,,,,,
Jose Quintana,Chicago Cubs,Pitcher,4,8,"$8,850,000",,,,,,,,,,,,,,
Kole Calhoun,Los Angeles Angels,Outfielder,9,18,"$8,833,333",,,,,,,,,,,,,,
Carlos Carrasco,Cleveland Indians,Pitcher,6,12,"$8,750,000",,,,,,,,,,,,,,
Jhoulys Chacin,Milwaukee Brewers,Pitcher,8,16,"$8,750,000",,,,,,,,,,,,,,
Salvador Perez,Kansas City Royals,Catcher,3,6,"$8,700,000",,,,,,,,,,,,,,
Wilson Ramos,Tampa Bay Rays,Catcher,4,8,"$8,500,000",,,,,,,,,,,,,,
DJ LeMahieu,Colorado Rockies,Second Baseman,8,16,"$8,500,000",,,,,,,,,,,,,,
Drew Pomeranz,Boston Red Sox,Pitcher,7,14,"$8,500,000",,,,,,,,,,,,,,
Jonathan Schoop,Baltimore Orioles,Second Baseman,5,10,"$8,500,000",,,,,,,,,,,,,,
Mike Minor,Texas Rangers,Pitcher,4,8,"$8,333,333",,,,,,,,,,,,,,
Addison Reed,Minnesota Twins,Pitcher,3,6,"$8,250,000",,,,,,,,,,,,,,
Luis Valbuena,Los Angeles Angels,First Baseman,3,6,"$8,250,000",,,,,,,,,,,,,,
Asdrubal Cabrera,New York Mets,Second Baseman,2,4,"$8,250,000",,,,,,,,,,,,,,
Didi Gregorius,New York Yankees,Shortstop,5,10,"$8,250,000",,,,,,,,,,,,,,
Julio Teheran,Atlanta Braves,Pitcher,7,14,"$8,166,666",,,,,,,,,,,,,,
Starling Marte,Pittsburgh Pirates,Outfielder,3,6,"$8,166,666",,,,,,,,,,,,,,
Bryan Shaw,Colorado Rockies,Pitcher,7,14,"$8,166,666",,,,,,,,,,,,,,
Pat Neshek,Philadelphia Phillies,Pitcher,7,14,"$8,125,000",,,,,,,,,,,,,,
Jason Castro,Minnesota Twins,Catcher,8,16,"$8,000,000",,,,,,,,,,,,,,
Todd Frazier,New York Mets,Third Baseman,4,8,"$8,000,000",,,,,,,,,,,,,,
Kelvin Herrera,Kansas City Royals,Pitcher,5,10,"$7,937,500",,,,,,,,,,,,,,
Jeurys Familia,New York Mets,Pitcher,6,12,"$7,925,000",,,,,,,,,,,,,,
Yasmani Grandal,Los Angeles Dodgers,Catcher,2,4,"$7,900,000",,,,,,,,,,,,,,
Hyun-Jin Ryu,Los Angeles Dodgers,Pitcher,4,8,"$7,833,333",,,,,,,,,,,,,,
Brett Cecil,St. Louis Cardinals,Pitcher,5,10,"$7,750,000",,,,,,,,,,,,,,
Juan Nicasio,Seattle Mariners,Pitcher,6,12,"$7,750,000",,,,,,,,,,,,,,
A.J. Pollock,Arizona Diamondbacks,Outfielder,2,4,"$7,750,000",,,,,,,,,,,,,,
Ryan Madson,Washington Nationals,Pitcher,1,2,"$7,666,667",,,,,,,,,,,,,,
Jake McGee,Colorado Rockies,Pitcher,8,16,"$7,666,666",,,,,,,,,,,,,,
Yonder Alonso,Cleveland Indians,First Baseman,2,4,"$7,500,000",,,,,,,,,,,,,,
Miles Mikolas,St. Louis Cardinals,Pitcher,5,10,"$7,500,000",,,,,,,,,,,,,,
Welington Castillo,Chicago White Sox,Catcher,2,4,"$7,500,000",,,,,,,,,,,,,,
Patrick Corbin,Arizona Diamondbacks,Pitcher,8,16,"$7,500,000",,,,,,,,,,,,,,
Jacob deGrom,New York Mets,Pitcher,5,10,"$7,400,000",,,,,,,,,,,,,,
Mike Dunn,Colorado Rockies,Pitcher,2,4,"$7,333,333",,,,,,,,,,,,,,
Garrett Richards,Los Angeles Angels,Pitcher,2,4,"$7,300,000",,,,,,,,,,,,,,
Anthony Rizzo,Chicago Cubs,First Baseman,2,4,"$7,285,714",,,,,,,,,,,,,,
Xander Bogaerts,Boston Red Sox,Shortstop,5,10,"$7,050,000",,,,,,,,,,,,,,
Christian Yelich,Milwaukee Brewers,Outfielder,6,12,"$7,000,000",,,,,,,,,,,,,,
Jason Vargas,New York Mets,Pitcher,8,16,"$7,000,000",,,,,,,,,,,,,,
Joe Smith,Houston Astros,Pitcher,4,8,"$7,000,000",,,,,,,,,,,,,,
Charlie Morton,Houston Astros,Pitcher,5,10,"$7,000,000",,,,,,,,,,,,,,
Junichi Tazawa,Miami Marlins,Pitcher,4,8,"$7,000,000",,,,,,,,,,,,,,
Adam Ottavino,Colorado Rockies,Pitcher,3,6,"$7,000,000",,,,,,,,,,,,,,
Jerry Blevins,New York Mets,Pitcher,3,6,"$7,000,000",,,,,,,,,,,,,,
Freddy Galvis,San Diego Padres,Shortstop,1,2,"$6,825,000",,,,,,,,,,,,,,
Gerrit Cole,Houston Astros,Pitcher,2,4,"$6,750,000",,,,,,,,,,,,,,
Jordy Mercer,Pittsburgh Pirates,Shortstop,1,2,"$6,750,000",,,,,,,,,,,,,,
Avisail Garcia,Chicago White Sox,Outfielder,3,6,"$6,700,000",,,,,,,,,,,,,,
Evan Gattis,Houston Astros,Catcher,4,8,"$6,700,000",,,,,,,,,,,,,,
Trevor Bauer,Cleveland Indians,Pitcher,2,4,"$6,525,000",,,,,,,,,,,,,,
Juan Lagares,New York Mets,Outfielder,2,4,"$6,500,000",,,,,,,,,,,,,,
Mitch Moreland,Boston Red Sox,First Baseman,4,8,"$6,500,000",,,,,,,,,,,,,,
Steve Cishek,Chicago Cubs,Pitcher,2,4,"$6,500,000",,,,,,,,,,,,,,
Jonathan Lucroy,Oakland Athletics,Catcher,3,6,"$6,500,000",,,,,,,,,,,,,,
Logan Morrison,Minnesota Twins,First Baseman,3,6,"$6,500,000",,,,,,,,,,,,,,
Marcus Stroman,Toronto Blue Jays,Pitcher,4,8,"$6,500,000",,,,,,,,,,,,,,
Mike Moustakas,Kansas City Royals,Third Baseman,6,12,"$6,500,000",,,,,,,,,,,,,,
Sonny Gray,New York Yankees,Pitcher,2,4,"$6,500,000",,,,,,,,,,,,,,
Tanner Roark,Washington Nationals,Pitcher,4,8,"$6,475,000",,,,,,,,,,,,,,
Chris Archer,Tampa Bay Rays,Pitcher,6,12,"$6,458,333",,,,,,,,,,,,,,
Andrew Cashner,Baltimore Orioles,Pitcher,1,2,"$6,346,755",,,,,,,,,,,,,,
Adam Eaton,Washington Nationals,Outfielder,2,4,"$6,300,000",,,,,,,,,,,,,,
Jake Odorizzi,Minnesota Twins,Pitcher,3,6,"$6,300,000",,,,,,,,,,,,,,
Jose Iglesias,Detroit Tigers,Shortstop,1,2,"$6,275,000",,,,,,,,,,,,,,
Steve Pearce,Toronto Blue Jays,First Baseman,1,2,"$6,250,000",,,,,,,,,,,,,,
Jackie Bradley Jr.,Boston Red Sox,Outfielder,3,6,"$6,100,000",,,,,,,,,,,,,,
Kevin Kiermaier,Tampa Bay Rays,Outfielder,4,8,"$6,083,333",,,,,,,,,,,,,,
Nicholas Castellanos,Detroit Tigers,Outfielder,6,12,"$6,050,000",,,,,,,,,,,,,,
Yan Gomes,Cleveland Indians,Catcher,3,6,"$6,033,333",,,,,,,,,,,,,,
Tony Sipp,Houston Astros,Pitcher,1,2,"$6,000,000",,,,,,,,,,,,,,
Santiago Casilla,Oakland Athletics,Pitcher,3,6,"$6,000,000",,,,,,,,,,,,,,
Alex Wood,Los Angeles Dodgers,Pitcher,3,6,"$6,000,000",,,,,,,,,,,,,,
Eduardo Nunez,Boston Red Sox,Second Baseman,4,8,"$6,000,000",,,,,,,,,,,,,,
Jed Lowrie,Oakland Athletics,Second Baseman,8,16,"$6,000,000",,,,,,,,,,,,,,
Martin Perez,Texas Rangers,Pitcher,9,18,"$6,000,000",,,,,,,,,,,,,,
Matt Joyce,Oakland Athletics,Outfielder,6,12,"$6,000,000",,,,,,,,,,,,,,
Mike Fiers,Detroit Tigers,Pitcher,4,8,"$6,000,000",,,,,,,,,,,,,,
Corey Dickerson,Pittsburgh Pirates,Outfielder,9,18,"$5,950,000",,,,,,,,,,,,,,
Adeiny Hechavarria,Tampa Bay Rays,Shortstop,6,12,"$5,900,000",,,,,,,,,,,,,,
Pedro Strop,Chicago Cubs,Pitcher,8,16,"$5,850,000",,,,,,,,,,,,,,
Sean Rodriguez,Pittsburgh Pirates,First Baseman,5,10,"$5,750,000",,,,,,,,,,,,,,
Scooter Gennett,Cincinnati Reds,Second Baseman,4,8,"$5,700,000",,,,,,,,,,,,,,
Matt Harvey,New York Mets,Pitcher,5,10,"$5,625,000",,,,,,,,,,,,,,
Kevin Gausman,Baltimore Orioles,Pitcher,5,10,"$5,600,000",,,,,,,,,,,,,,
Lonnie Chisenhall,Cleveland Indians,Outfielder,6,12,"$5,587,500",,,,,,,,,,,,,,
David Phelps,Seattle Mariners,Pitcher,2,4,"$5,550,000",,,,,,,,,,,,,,
Shawn Kelley,Washington Nationals,Pitcher,2,4,"$5,500,000",,,,,,,,,,,,,,
Anthony Swarzak,New York Mets,Pitcher,2,4,"$5,500,000",,,,,,,,,,,,,,
Luke Gregerson,St. Louis Cardinals,Pitcher,1,2,"$5,500,000",,,,,,,,,,,,,,
Marc Rzepczynski,Seattle Mariners,Pitcher,2,4,"$5,500,000",,,,,,,,,,,,,,
Eric Thames,Milwaukee Brewers,First Baseman,2,4,"$5,333,333",,,,,,,,,,,,,,
Alex Colome,Tampa Bay Rays,Pitcher,2,4,"$5,300,000",,,,,,,,,,,,,,
Michael Wacha,St. Louis Cardinals,Pitcher,2,4,"$5,300,000",,,,,,,,,,,,,,
Roberto Osuna,Toronto Blue Jays,Pitcher,2,4,"$5,300,000",,,,,,,,,,,,,,
Raisel Iglesias,Cincinnati Reds,Pitcher,2,4,"$5,214,285",,,,,,,,,,,,,,
Brad Brach,Baltimore Orioles,Pitcher,3,6,"$5,165,000",,,,,,,,,,,,,,
Marwin Gonzalez,Houston Astros,First Baseman,1,2,"$5,125,000",,,,,,,,,,,,,,
Cesar Hernandez,Philadelphia Phillies,Second Baseman,2,4,"$5,100,000",,,,,,,,,,,,,,
Dellin Betances,New York Yankees,Pitcher,5,10,"$5,100,000",,,,,,,,,,,,,,
Chase Anderson,Milwaukee Brewers,Pitcher,4,8,"$5,000,000",,,,,,,,,,,,,,
Jim Johnson,Los Angeles Angels,Pitcher,6,12,"$5,000,000",,,,,,,,,,,,,,
Brandon Kintzler,Washington Nationals,Pitcher,4,8,"$5,000,000",,,,,,,,,,,,,,
Carlos Gonzalez,Colorado Rockies,Outfielder,5,10,"$5,000,000",,,,,,,,,,,,,,
Collin McHugh,Houston Astros,Pitcher,6,12,"$5,000,000",,,,,,,,,,,,,,
Curtis Granderson,Toronto Blue Jays,Outfielder,4,8,"$5,000,000",,,,,,,,,,,,,,
Danny Salazar,Cleveland Indians,Pitcher,5,10,"$5,000,000",,,,,,,,,,,,,,
James Paxton,Seattle Mariners,Pitcher,8,16,"$4,900,000",,,,,,,,,,,,,,
Shelby Miller,Arizona Diamondbacks,Pitcher,4,8,"$4,900,000",,,,,,,,,,,,,,
Eduardo Escobar,Minnesota Twins,Shortstop,6,12,"$4,850,000",,,,,,,,,,,,,,
Taijuan Walker,Arizona Diamondbacks,Pitcher,1,2,"$4,825,000",,,,,,,,,,,,,,
Miguel Gonzalez,Chicago White Sox,Pitcher,7,14,"$4,750,000",,,,,,,,,,,,,,
Gregory Polanco,Pittsburgh Pirates,Outfielder,8,16,"$4,700,000",,,,,,,,,,,,,,
Ender Inciarte,Atlanta Braves,Outfielder,8,16,"$4,700,000",,,,,,,,,,,,,,
Wil Myers,San Diego Padres,Outfielder,6,12,"$4,666,666",,,,,,,,,,,,,,
Jorge Soler,Kansas City Royals,Outfielder,8,16,"$4,666,666",,,,,,,,,,,,,,
Billy Hamilton,Cincinnati Reds,Outfielder,3,6,"$4,600,000",,,,,,,,,,,,,,
Ken Giles,Houston Astros,Pitcher,4,8,"$4,600,000",,,,,,,,,,,,,,
David Freese,Pittsburgh Pirates,Third Baseman,8,16,"$4,500,000",,,,,,,,,,,,,,
Brad Miller,Tampa Bay Rays,Second Baseman,7,14,"$4,500,000",,,,,,,,,,,,,,
Fernando Rodney,Minnesota Twins,Pitcher,5,10,"$4,500,000",,,,,,,,,,,,,,
Sean Doolittle,Washington Nationals,Pitcher,4,8,"$4,450,000",,,,,,,,,,,,,,
Tucker Barnhart,Cincinnati Reds,Catcher,3,6,"$4,437,500",,,,,,,,,,,,,,
Sam Dyson,San Francisco Giants,Pitcher,3,6,"$4,425,000",,,,,,,,,,,,,,
Brad Hand,San Diego Padres,Pitcher,2,4,"$4,416,666",,,,,,,,,,,,,,
Jake Lamb,Arizona Diamondbacks,Third Baseman,5,10,"$4,275,000",,,,,,,,,,,,,,
Justin Smoak,Toronto Blue Jays,First Baseman,7,14,"$4,250,000",,,,,,,,,,,,,,
Justin Wilson,Chicago Cubs,Pitcher,3,6,"$4,250,000",,,,,,,,,,,,,,
Kolten Wong,St. Louis Cardinals,Second Baseman,7,14,"$4,200,000",,,,,,,,,,,,,,
Erasmo Ramirez,Seattle Mariners,Pitcher,7,14,"$4,200,000",,,,,,,,,,,,,,
Kyle Gibson,Minnesota Twins,Pitcher,8,16,"$4,200,000",,,,,,,,,,,,,,
Kyle Hendricks,Chicago Cubs,Pitcher,4,8,"$4,175,000",,,,,,,,,,,,,,
Yangervis Solarte,Toronto Blue Jays,Third Baseman,5,10,"$4,125,000",,,,,,,,,,,,,,
Matt Shoemaker,Los Angeles Angels,Pitcher,6,12,"$4,125,000",,,,,,,,,,,,,,
Yusmeiro Petit,Oakland Athletics,Pitcher,2,4,"$4,000,000",,,,,,,,,,,,,,
Hector Rondon,Houston Astros,Pitcher,4,8,"$4,000,000",,,,,,,,,,,,,,
Alex Avila,Arizona Diamondbacks,Catcher,5,10,"$4,000,000",,,,,,,,,,,,,,
Carlos Gomez,Tampa Bay Rays,Outfielder,6,12,"$4,000,000",,,,,,,,,,,,,,
Doug Fister,Texas Rangers,Pitcher,2,4,"$4,000,000",,,,,,,,,,,,,,
Francisco Liriano,Detroit Tigers,Pitcher,1,2,"$4,000,000",,,,,,,,,,,,,,
Matt Adams,Washington Nationals,First Baseman,8,16,"$4,000,000",,,,,,,,,,,,,,
Neil Walker,New York Yankees,Second Baseman,2,4,"$4,000,000",,,,,,,,,,,,,,
Tyler Flowers,Atlanta Braves,Catcher,5,10,"$4,000,000",,,,,,,,,,,,,,
Chris Iannetta,Colorado Rockies,Catcher,2,4,"$3,975,000",,,,,,,,,,,,,,
Nate Jones,Chicago White Sox,Pitcher,8,16,"$3,950,000",,,,,,,,,,,,,,
Robbie Ray,Arizona Diamondbacks,Pitcher,5,10,"$3,950,000",,,,,,,,,,,,,,
Martin Maldonado,Los Angeles Angels,Catcher,2,4,"$3,900,000",,,,,,,,,,,,,,
Joe Kelly,Boston Red Sox,Pitcher,2,4,"$3,825,000",,,,,,,,,,,,,,
Jarrod Dyson,Arizona Diamondbacks,Outfielder,2,4,"$3,750,000",,,,,,,,,,,,,,
Jimmy Nelson,Milwaukee Brewers,Pitcher,5,10,"$3,700,000",,,,,,,,,,,,,,
Corey Knebel,Milwaukee Brewers,Pitcher,6,12,"$3,650,000",,,,,,,,,,,,,,
Odubel Herrera,Philadelphia Phillies,Outfielder,8,16,"$3,550,000",,,,,,,,,,,,,,
Steven Souza Jr.,Arizona Diamondbacks,Outfielder,4,8,"$3,550,000",,,,,,,,,,,,,,
Brian Duensing,Chicago Cubs,Pitcher,5,10,"$3,500,000",,,,,,,,,,,,,,
Kurt Suzuki,Atlanta Braves,Catcher,4,8,"$3,500,000",,,,,,,,,,,,,,
Lucas Duda,Kansas City Royals,First Baseman,3,6,"$3,500,000",,,,,,,,,,,,,,
Travis d'Arnaud,New York Mets,Catcher,3,6,"$3,475,000",,,,,,,,,,,,,,
Joe Panik,San Francisco Giants,Second Baseman,1,2,"$3,450,000",,,,,,,,,,,,,,
Arodys Vizcaino,Atlanta Braves,Pitcher,2,4,"$3,400,000",,,,,,,,,,,,,,
Chris Owings,Arizona Diamondbacks,Shortstop,1,2,"$3,400,000",,,,,,,,,,,,,,
Justin Bour,Miami Marlins,First Baseman,3,6,"$3,400,000",,,,,,,,,,,,,,
Wilmer Flores,New York Mets,First Baseman,4,8,"$3,400,000",,,,,,,,,,,,,,
Dan Straily,Miami Marlins,Pitcher,2,4,"$3,375,000",,,,,,,,,,,,,,
Tim Beckham,Baltimore Orioles,Third Baseman,2,4,"$3,350,000",,,,,,,,,,,,,,
Rougned Odor,Texas Rangers,Second Baseman,4,8,"$3,333,333",,,,,,,,,,,,,,
Adam Warren,New York Yankees,Pitcher,2,4,"$3,315,000",,,,,,,,,,,,,,
David Peralta,Arizona Diamondbacks,Outfielder,3,6,"$3,300,000",,,,,,,,,,,,,,
Felipe Rivero,Pittsburgh Pirates,Pitcher,3,6,"$3,250,000",,,,,,,,,,,,,,
Tony Watson,San Francisco Giants,Pitcher,4,8,"$3,250,000",,,,,,,,,,,,,,
Cameron Maybin,Miami Marlins,Outfielder,6,12,"$3,250,000",,,,,,,,,,,,,,
Kevin Pillar,Toronto Blue Jays,Outfielder,2,4,"$3,250,000",,,,,,,,,,,,,,
Addison Russell,Chicago Cubs,Shortstop,4,8,"$3,200,000",,,,,,,,,,,,,,
Kenta Maeda,Los Angeles Dodgers,Pitcher,6,12,"$3,125,000",,,,,,,,,,,,,,
Marcus Semien,Oakland Athletics,Shortstop,1,2,"$3,125,000",,,,,,,,,,,,,,
Stephen Vogt,Milwaukee Brewers,Catcher,2,4,"$3,065,000",,,,,,,,,,,,,,
Jung-ho Kang,Pittsburgh Pirates,Third Baseman,3,6,"$3,062,500",,,,,,,,,,,,,,
Drew Smyly,Chicago Cubs,Pitcher,1,2,"$3,000,000",,,,,,,,,,,,,,
Howie Kendrick,Washington Nationals,Outfielder,1,2,"$3,000,000",,,,,,,,,,,,,,
Austin Jackson,San Francisco Giants,Outfielder,3,6,"$3,000,000",,,,,,,,,,,,,,
Clayton Richard,San Diego Padres,Pitcher,4,8,"$3,000,000",,,,,,,,,,,,,,
Bud Norris,St. Louis Cardinals,Pitcher,6,12,"$3,000,000",,,,,,,,,,,,,,
Chris Tillman,Baltimore Orioles,Pitcher,3,6,"$3,000,000",,,,,,,,,,,,,,
Colby Rasmus,Baltimore Orioles,Outfielder,1,2,"$3,000,000",,,,,,,,,,,,,,
Drew Hutchison,Philadelphia Phillies,Pitcher,3,6,"$3,000,000",,,,,,,,,,,,,,
Jon Jay,Kansas City Royals,Outfielder,3,6,"$3,000,000",,,,,,,,,,,,,,
Josh Tomlin,Cleveland Indians,Pitcher,4,8,"$3,000,000",,,,,,,,,,,,,,
Mike Zunino,Seattle Mariners,Catcher,8,16,"$2,975,000",,,,,,,,,,,,,,
Noah Syndergaard,New York Mets,Pitcher,9,18,"$2,975,000",,,,,,,,,,,,,,
Brandon Maurer,Kansas City Royals,Pitcher,6,12,"$2,950,000",,,,,,,,,,,,,,
Maikel Franco,Philadelphia Phillies,Third Baseman,4,8,"$2,950,000",,,,,,,,,,,,,,
Eugenio Suarez,Cincinnati Reds,Third Baseman,9,18,"$2,916,666",,,,,,,,,,,,,,
Derek Dietrich,Miami Marlins,Outfielder,6,12,"$2,900,000",,,,,,,,,,,,,,
J.T. Realmuto,Miami Marlins,Catcher,8,16,"$2,900,000",,,,,,,,,,,,,,
Shohei Ohtani,Los Angeles Angels,Pitcher,5,10,"$2,860,000",,,,,,,,,,,,,,
Jose Ramirez,Cleveland Indians,Third Baseman,4,8,"$2,828,600",,,,,,,,,,,,,,
Aaron Hicks,New York Yankees,Outfielder,5,10,"$2,825,000",,,,,,,,,,,,,,
Will Harris,Houston Astros,Pitcher,5,10,"$2,800,000",,,,,,,,,,,,,,
Rene Rivera,Los Angeles Angels,Catcher,6,12,"$2,800,000",,,,,,,,,,,,,,
Yoshihisa Hirano,Arizona Diamondbacks,Pitcher,2,4,"$2,750,000",,,,,,,,,,,,,,
Brandon Guyer,Cleveland Indians,Outfielder,2,4,"$2,750,000",,,,,,,,,,,,,,
Nick Vincent,Seattle Mariners,Pitcher,2,4,"$2,750,000",,,,,,,,,,,,,,
George Kontos,Pittsburgh Pirates,Pitcher,1,2,"$2,725,000",,,,,,,,,,,,,,
Jake Diekman,Texas Rangers,Pitcher,2,4,"$2,712,500",,,,,,,,,,,,,,
Aaron Sanchez,Toronto Blue Jays,Pitcher,2,4,"$2,700,000",,,,,,,,,,,,,,
Joc Pederson,Los Angeles Dodgers,Outfielder,2,4,"$2,600,000",,,,,,,,,,,,,,
Randal Grichuk,Toronto Blue Jays,Outfielder,2,4,"$2,600,000",,,,,,,,,,,,,,
Jonathan Villar,Milwaukee Brewers,Second Baseman,2,4,"$2,550,000",,,,,,,,,,,,,,
Michael A. Taylor,Washington Nationals,Outfielder,2,4,"$2,525,000",,,,,,,,,,,,,,
David Hernandez,Cincinnati Reds,Pitcher,3,6,"$2,500,000",,,,,,,,,,,,,,
Matt Albers,Milwaukee Brewers,Pitcher,1,2,"$2,500,000",,,,,,,,,,,,,,
Alcides Escobar,Kansas City Royals,Shortstop,2,4,"$2,500,000",,,,,,,,,,,,,,
Boone Logan,Milwaukee Brewers,Pitcher,5,10,"$2,500,000",,,,,,,,,,,,,,
Nick Hundley,San Francisco Giants,Catcher,4,8,"$2,500,000",,,,,,,,,,,,,,
Sergio Romo,Tampa Bay Rays,Pitcher,6,12,"$2,500,000",,,,,,,,,,,,,,
Will Smith,San Francisco Giants,Pitcher,4,8,"$2,500,000",,,,,,,,,,,,,,
Lance McCullers Jr.,Houston Astros,Pitcher,5,10,"$2,450,000",,,,,,,,,,,,,,
Luis Avilan,Chicago White Sox,Pitcher,6,12,"$2,450,000",,,,,,,,,,,,,,
Zach McAllister,Cleveland Indians,Pitcher,4,8,"$2,450,000",,,,,,,,,,,,,,
Brad Peacock,Houston Astros,Pitcher,5,10,"$2,440,000",,,,,,,,,,,,,,
Eric Sogard,Milwaukee Brewers,Second Baseman,8,16,"$2,400,000",,,,,,,,,,,,,,
Eduardo Rodriguez,Boston Red Sox,Pitcher,4,8,"$2,375,000",,,,,,,,,,,,,,
James McCann,Detroit Tigers,Catcher,6,12,"$2,375,000",,,,,,,,,,,,,,
Kendall Graveman,Oakland Athletics,Pitcher,1,2,"$2,360,000",,,,,,,,,,,,,,
Yolmer Sanchez,Chicago White Sox,Third Baseman,7,14,"$2,350,000",,,,,,,,,,,,,,
Drew Butera,Kansas City Royals,Catcher,8,16,"$2,300,000",,,,,,,,,,,,,,
C.J. Cron,Tampa Bay Rays,First Baseman,8,16,"$2,300,000",,,,,,,,,,,,,,
Carlos Rodon,Chicago White Sox,Pitcher,4,8,"$2,300,000",,,,,,,,,,,,,,
Tony Cingrani,Los Angeles Dodgers,Pitcher,5,10,"$2,300,000",,,,,,,,,,,,,,
Craig Stammen,San Diego Padres,Pitcher,5,10,"$2,250,000",,,,,,,,,,,,,,
Robinson Chirinos,Texas Rangers,Catcher,6,12,"$2,250,000",,,,,,,,,,,,,,
Jorge De La Rosa,Arizona Diamondbacks,Pitcher,2,4,"$2,250,000",,,,,,,,,,,,,,
Randall Delgado,Arizona Diamondbacks,Pitcher,2,4,"$2,250,000",,,,,,,,,,,,,,
Brock Holt,Boston Red Sox,Second Baseman,2,4,"$2,225,000",,,,,,,,,,,,,,
Josh Fields,Los Angeles Dodgers,Pitcher,1,2,"$2,200,000",,,,,,,,,,,,,,
Mike Foltynewicz,Atlanta Braves,Pitcher,2,4,"$2,200,000",,,,,,,,,,,,,,
Dominic Leone,St. Louis Cardinals,Pitcher,2,4,"$2,170,000",,,,,,,,,,,,,,
Blake Treinen,Oakland Athletics,Pitcher,2,4,"$2,150,000",,,,,,,,,,,,,,
Chris Hatcher,Oakland Athletics,Pitcher,2,4,"$2,150,000",,,,,,,,,,,,,,
Zach Duke,Minnesota Twins,Pitcher,2,4,"$2,150,000",,,,,,,,,,,,,,
Jared Hughes,Cincinnati Reds,Pitcher,2,4,"$2,125,000",,,,,,,,,,,,,,
Tyler Thornburg,Boston Red Sox,Pitcher,3,6,"$2,050,000",,,,,,,,,,,,,,
Michael Pineda,Minnesota Twins,Pitcher,1,2,"$2,000,000",,,,,,,,,,,,,,
Jeff Mathis,Arizona Diamondbacks,Catcher,2,4,"$2,000,000",,,,,,,,,,,,,,
Aledmys Diaz,Toronto Blue Jays,Shortstop,5,10,"$2,000,000",,,,,,,,,,,,,,
Chad Bettis,Colorado Rockies,Pitcher,4,8,"$2,000,000",,,,,,,,,,,,,,
Chris Young,Los Angeles Angels,Outfielder,6,12,"$2,000,000",,,,,,,,,,,,,,
Daniel Descalso,Arizona Diamondbacks,First Baseman,4,8,"$2,000,000",,,,,,,,,,,,,,
Hector Santiago,Chicago White Sox,Pitcher,5,10,"$2,000,000",,,,,,,,,,,,,,
Jacob Turner,Miami Marlins,Pitcher,6,12,"$2,000,000",,,,,,,,,,,,,,
Jose Reyes,New York Mets,Shortstop,4,8,"$2,000,000",,,,,,,,,,,,,,
Nathan Eovaldi,Tampa Bay Rays,Pitcher,5,10,"$2,000,000",,,,,,,,,,,,,,
Robbie Grossman,Minnesota Twins,Outfielder,8,16,"$2,000,000",,,,,,,,,,,,,,
Seung Hwan Oh,Toronto Blue Jays,Pitcher,4,8,"$2,000,000",,,,,,,,,,,,,,
Tom Koehler,Los Angeles Dodgers,Pitcher,6,12,"$2,000,000",,,,,,,,,,,,,,
Hernan Perez,Milwaukee Brewers,Second Baseman,1,2,"$1,975,000",,,,,,,,,,,,,,
Sandy Leon,Boston Red Sox,Catcher,7,14,"$1,950,000",,,,,,,,,,,,,,
Shane Greene,Detroit Tigers,Pitcher,8,14,"$1,950,000",,,,,,,,,,,,,,
Alex Wilson,Detroit Tigers,Pitcher,8,14,"$1,925,000",,,,,,,,,,,,,,
Kazuhisa Makita,San Diego Padres,Pitcher,1,2,"$1,900,000",,,,,,,,,,,,,,
Jake Marisnick,Houston Astros,Outfielder,10,20,"$1,900,000",,,,,,,,,,,,,,
JC Ramirez,Los Angeles Angels,Pitcher,4,8,"$1,900,000",,,,,,,,,,,,,,
Liam Hendriks,Oakland Athletics,Pitcher,4,8,"$1,900,000",,,,,,,,,,,,,,
Tyler Skaggs,Los Angeles Angels,Pitcher,5,10,"$1,875,000",,,,,,,,,,,,,,
Brad Boxberger,Arizona Diamondbacks,Pitcher,6,12,"$1,850,000",,,,,,,,,,,,,,
Aaron Loup,Toronto Blue Jays,Pitcher,4,8,"$1,812,500",,,,,,,,,,,,,,
Blake Parker,Los Angeles Angels,Pitcher,9,18,"$1,800,000",,,,,,,,,,,,,,
Chris Martin,Texas Rangers,Pitcher,6,12,"$1,750,000",,,,,,,,,,,,,,
Jeremy Jeffress,Milwaukee Brewers,Pitcher,7,14,"$1,750,000",,,,,,,,,,,,,,
Leonys Martin,Detroit Tigers,Outfielder,9,18,"$1,750,000",,,,,,,,,,,,,,
Rajai Davis,Cleveland Indians,Outfielder,6,12,"$1,750,000",,,,,,,,,,,,,,
Tony Barnette,Texas Rangers,Pitcher,4,8,"$1,750,000",,,,,,,,,,,,,,
Cory Spangenberg,San Diego Padres,Second Baseman,6,12,"$1,700,000",,,,,,,,,,,,,,
Cory Gearrin,San Francisco Giants,Pitcher,4,8,"$1,675,000",,,,,,,,,,,,,,
Dylan Bundy,Baltimore Orioles,Pitcher,6,12,"$1,640,000",,,,,,,,,,,,,,
Roberto Perez,Cleveland Indians,Catcher,7,14,"$1,625,000",,,,,,,,,,,,,,
Ketel Marte,Arizona Diamondbacks,Shortstop,8,16,"$1,600,000",,,,,,,,,,,,,,
Enrique Hernandez,Los Angeles Dodgers,Outfielder,11,14,"$1,600,000",,,,,,,,,,,,,,
Ryan Pressly,Minnesota Twins,Pitcher,7,14,"$1,600,000",,,,,,,,,,,,,,
Hunter Strickland,San Francisco Giants,Pitcher,6,12,"$1,550,000",,,,,,,,,,,,,,
Stephen Piscotty,Oakland Athletics,Outfielder,5,10,"$1,500,000",,,,,,,,,,,,,,
Paul DeJong,St. Louis Cardinals,Shortstop,4,8,"$1,500,000",,,,,,,,,,,,,,
Cliff Pennington,Cincinnati Reds,Second Baseman,2,4,"$1,500,000",,,,,,,,,,,,,,
Derek Holland,San Francisco Giants,Pitcher,3,6,"$1,500,000",,,,,,,,,,,,,,
Fernando Salas,Arizona Diamondbacks,Pitcher,4,8,"$1,500,000",,,,,,,,,,,,,,
John Axford,Toronto Blue Jays,Pitcher,9,18,"$1,500,000",,,,,,,,,,,,,,
Matt Belisle,Cleveland Indians,Pitcher,6,12,"$1,500,000",,,,,,,,,,,,,,
Pedro Baez,Los Angeles Dodgers,Pitcher,3,6,"$1,500,000",,,,,,,,,,,,,,
Tyler Clippard,Toronto Blue Jays,Pitcher,4,8,"$1,500,000",,,,,,,,,,,,,,
Blake Wood,Los Angeles Angels,Pitcher,8,16,"$1,450,000",,,,,,,,,,,,,,
Christian Vazquez,Boston Red Sox,Catcher,8,16,"$1,450,000",,,,,,,,,,,,,,
Devon Travis,Toronto Blue Jays,Second Baseman,3,6,"$1,450,000",,,,,,,,,,,,,,
Nate Karns,Kansas City Royals,Pitcher,4,8,"$1,375,000",,,,,,,,,,,,,,
Michael Lorenzen,Cincinnati Reds,Pitcher,8,16,"$1,312,500",,,,,,,,,,,,,,
Tommy Kahnle,New York Yankees,Pitcher,7,14,"$1,312,500",,,,,,,,,,,,,,
Miguel Montero,Washington Nationals,Catcher,5,10,"$1,300,000",,,,,,,,,,,,,,
Chris Rusin,Colorado Rockies,Pitcher,4,8,"$1,287,500",,,,,,,,,,,,,,
Nick Ahmed,Arizona Diamondbacks,Shortstop,3,6,"$1,275,000",,,,,,,,,,,,,,
A.J. Ellis,San Diego Padres,Catcher,3,6,"$1,250,000",,,,,,,,,,,,,,
Caleb Joseph,Baltimore Orioles,Catcher,2,4,"$1,250,000",,,,,,,,,,,,,,
Justin Grimm,Kansas City Royals,Pitcher,5,10,"$1,250,000",,,,,,,,,,,,,,
Kevin Jepsen,Texas Rangers,Pitcher,7,14,"$1,250,000",,,,,,,,,,,,,,
Phil Gosselin,Cincinnati Reds,Second Baseman,3,6,"$1,250,000",,,,,,,,,,,,,,
Danny Valencia,Baltimore Orioles,First Baseman,7,14,"$1,200,000",,,,,,,,,,,,,,
Keone Kela,Texas Rangers,Pitcher,7,14,"$1,200,000",,,,,,,,,,,,,,
Luis Garcia,Philadelphia Phillies,Pitcher,8,16,"$1,200,000",,,,,,,,,,,,,,
Tyler Lyons,St. Louis Cardinals,Pitcher,4,8,"$1,200,000",,,,,,,,,,,,,,
Andrew Chafin,Arizona Diamondbacks,Pitcher,5,10,"$1,195,000",,,,,,,,,,,,,,
Miguel Rojas,Miami Marlins,Shortstop,6,12,"$1,180,000",,,,,,,,,,,,,,
Leury Garcia,Chicago White Sox,Outfielder,2,4,"$1,175,000",,,,,,,,,,,,,,
Scott Kingery,Philadelphia Phillies,Second Baseman,4,8,"$1,166,666",,,,,,,,,,,,,,
Dan Otero,Cleveland Indians,Pitcher,5,10,"$1,150,000",,,,,,,,,,,,,,
Kyle Barraclough,Miami Marlins,Pitcher,6,12,"$1,113,000",,,,,,,,,,,,,,
Austin Romine,New York Yankees,Catcher,2,4,"$1,100,000",,,,,,,,,,,,,,
Cam Bedrosian,Los Angeles Angels,Pitcher,1,2,"$1,100,000",,,,,,,,,,,,,,
Rex Brothers,Atlanta Braves,Pitcher,8,16,"$1,100,000",,,,,,,,,,,,,,
Steven Wright,Boston Red Sox,Pitcher,2,4,"$1,100,000",,,,,,,,,,,,,,
Braxton Lee,Miami Marlins,Outfielder,5,10,"$1,090,000",,,,,,,,,,,,,,
Brett Graves,Miami Marlins,Pitcher,2,4,"$1,090,000",,,,,,,,,,,,,,
Caleb Smith,Miami Marlins,Pitcher,8,16,"$1,090,000",,,,,,,,,,,,,,
Chris O'Grady,Miami Marlins,Pitcher,5,10,"$1,090,000",,,,,,,,,,,,,,
Dillon Peters,Miami Marlins,Pitcher,2,4,"$1,090,000",,,,,,,,,,,,,,
Drew Steckenrider,Miami Marlins,Pitcher,2,4,"$1,090,000",,,,,,,,,,,,,,
Elieser Hernandez,Miami Marlins,Pitcher,2,4,"$1,090,000",,,,,,,,,,,,,,
Odrisamer Despaigne,Miami Marlins,Pitcher,5,10,"$1,090,000",,,,,,,,,,,,,,
Sam Freeman,Atlanta Braves,Pitcher,6,12,"$1,075,000",,,,,,,,,,,,,,
Kirby Yates,San Diego Padres,Pitcher,8,16,"$1,062,500",,,,,,,,,,,,,,
Andrew Romine,Seattle Mariners,Shortstop,4,8,"$1,050,000",,,,,,,,,,,,,,
Danny Farquhar,Chicago White Sox,Pitcher,5,10,"$1,050,000",,,,,,,,,,,,,,
Jose Alvarez,Los Angeles Angels,Pitcher,4,8,"$1,050,000",,,,,,,,,,,,,,
Jurickson Profar,Texas Rangers,Second Baseman,3,6,"$1,050,000",,,,,,,,,,,,,,
Tim Anderson,Chicago White Sox,Shortstop,3,6,"$1,000,000",,,,,,,,,,,,,,
Chase Utley,Los Angeles Dodgers,Second Baseman,1,2,"$1,000,000",,,,,,,,,,,,,,
Blaine Boyer,Kansas City Royals,Pitcher,2,4,"$1,000,000",,,,,,,,,,,,,,
Bryan Holaday,Miami Marlins,Catcher,1,2,"$1,000,000",,,,,,,,,,,,,,
Carlos Correa,Houston Astros,Shortstop,3,6,"$1,000,000",,,,,,,,,,,,,,
Ehire Adrianza,Minnesota Twins,Shortstop,4,8,"$1,000,000",,,,,,,,,,,,,,
Gregor Blanco,San Francisco Giants,Outfielder,2,4,"$1,000,000",,,,,,,,,,,,,,
Jesse Chavez,Texas Rangers,Pitcher,2,4,"$1,000,000",,,,,,,,,,,,,,
Joaquin Benoit,Washington Nationals,Pitcher,4,8,"$1,000,000",,,,,,,,,,,,,,
Jordan Lyles,San Diego Padres,Pitcher,2,4,"$1,000,000",,,,,,,,,,,,,,
Pedro Alvarez,Baltimore Orioles,First Baseman,3,6,"$1,000,000",,,,,,,,,,,,,,
Peter Bourjos,Atlanta Braves,Outfielder,3,6,"$1,000,000",,,,,,,,,,,,,,
Ryan Goins,Kansas City Royals,Shortstop,4,8,"$1,000,000",,,,,,,,,,,,,,
Tim Lincecum,Texas Rangers,Pitcher,6,12,"$1,000,000",,,,,,,,,,,,,,
Matt Szczur,San Diego Padres,Outfielder,2,4,"$950,000",,,,,,,,,,,,,,
Tommy La Stella,Chicago Cubs,Second Baseman,4,8,"$950,000",,,,,,,,,,,,,,
Matt Duffy,Tampa Bay Rays,Third Baseman,6,12,"$930,000",,,,,,,,,,,,,,
Jesus Sucre,Tampa Bay Rays,Catcher,1,2,"$925,000",,,,,,,,,,,,,,
Josh Phegley,Oakland Athletics,Catcher,2,4,"$905,000",,,,,,,,,,,,,,
Craig Gentry,Baltimore Orioles,Outfielder,3,6,"$900,000",,,,,,,,,,,,,,
Ryan Rua,Texas Rangers,Outfielder,1,2,"$870,000",,,,,,,,,,,,,,
Anthony DeSclafani,Cincinnati Reds,Pitcher,1,2,"$860,000",,,,,,,,,,,,,,
Carson Smith,Boston Red Sox,Pitcher,3,6,"$850,000",,,,,,,,,,,,,,
Ji-Man Choi,Milwaukee Brewers,First Baseman,4,8,"$850,000",,,,,,,,,,,,,,
T.J. McFarland,Arizona Diamondbacks,Pitcher,6,12,"$850,000",,,,,,,,,,,,,,
Jacob Lindgren,Atlanta Braves,Pitcher,3,6,"$820,000",,,,,,,,,,,,,,
Chasen Shreve,New York Yankees,Pitcher,1,2,"$805,000",,,,,,,,,,,,,,
Andrew Heaney,Los Angeles Angels,Pitcher,3,6,"$800,000",,,,,,,,,,,,,,
Chase Whitley,Atlanta Braves,Pitcher,3,6,"$800,000",,,,,,,,,,,,,,
Guillermo Heredia,Seattle Mariners,Outfielder,4,8,"$782,000",,,,,,,,,,,,,,
Jake Smolinski,Oakland Athletics,Outfielder,8,16,"$775,000",,,,,,,,,,,,,,
Ichiro Suzuki,Seattle Mariners,Outfielder,9,13,"$750,000",,,,,,,,,,,,,,
Ryan Flaherty,Atlanta Braves,Second Baseman,6,12,"$750,000",,,,,,,,,,,,,,
Chaz Roe,Tampa Bay Rays,Pitcher,4,8,"$720,000",,,,,,,,,,,,,,
Kevin Quackenbush,Cincinnati Reds,Pitcher,9,18,"$690,000",,,,,,,,,,,,,,
Javier Baez,Chicago Cubs,Second Baseman,6,12,"$657,000",,,,,,,,,,,,,,
Francisco Pena,St. Louis Cardinals,Catcher,8,16,"$650,000",,,,,,,,,,,,,,
Niko Goodrum,Detroit Tigers,Third Baseman,5,10,"$650,000",,,,,,,,,,,,,,
Robbie Erlin,San Diego Padres,Pitcher,4,8,"$650,000",,,,,,,,,,,,,,
Trevor May,Minnesota Twins,Pitcher,5,10,"$650,000",,,,,,,,,,,,,,
Wade LeBlanc,Seattle Mariners,Pitcher,5,10,"$650,000",,,,,,,,,,,,,,
Adam Duvall,Cincinnati Reds,Outfielder,6,12,"$645,000",,,,,,,,,,,,,,
Yimi Garcia,Los Angeles Dodgers,Pitcher,2,4,"$630,000",,,,,,,,,,,,,,
Francisco Lindor,Cleveland Indians,Shortstop,2,4,"$623,200",,,,,,,,,,,,,,
Aaron Judge,New York Yankees,Outfielder,2,4,"$622,300",,,,,,,,,,,,,,
Brandon Drury,New York Yankees,Third Baseman,1,2,"$621,900",,,,,,,,,,,,,,
Andrew Benintendi,Boston Red Sox,Outfielder,2,4,"$620,500",,,,,,,,,,,,,,
Gary Sanchez,New York Yankees,Catcher,2,4,"$620,400",,,,,,,,,,,,,,
Ronald Torreyes,New York Yankees,Shortstop,2,4,"$615,500",,,,,,,,,,,,,,
Mike Montgomery,Chicago Cubs,Pitcher,2,4,"$611,250",,,,,,,,,,,,,,
Dan Winkler,Atlanta Braves,Pitcher,2,4,"$610,000",,,,,,,,,,,,,,
Zac Rosscup,Colorado Rockies,Pitcher,2,4,"$610,000",,,,,,,,,,,,,,
Michael Conforto,New York Mets,Outfielder,3,6,"$605,094",,,,,,,,,,,,,,
Corey Seager,Los Angeles Dodgers,Shortstop,1,2,"$605,000",,,,,,,,,,,,,,
Matt Barnes,Boston Red Sox,Pitcher,2,4,"$605,000",,,,,,,,,,,,,,
Luis Severino,New York Yankees,Pitcher,5,10,"$604,975",,,,,,,,,,,,,,
Kyle Schwarber,Chicago Cubs,Outfielder,4,8,"$604,500",,,,,,,,,,,,,,
Willson Contreras,Chicago Cubs,Catcher,6,12,"$604,500",,,,,,,,,,,,,,
Eddie Rosario,Minnesota Twins,Outfielder,4,8,"$602,500",,,,,,,,,,,,,,
Miguel Sano,Minnesota Twins,Third Baseman,5,10,"$602,500",,,,,,,,,,,,,,
Juan Centeno,Texas Rangers,Catcher,6,12,"$600,000",,,,,,,,,,,,,,
Pedro Florimon,Philadelphia Phillies,Outfielder,4,8,"$600,000",,,,,,,,,,,,,,
Chris Devenski,Houston Astros,Pitcher,5,10,"$599,200",,,,,,,,,,,,,,
Alex Bregman,Houston Astros,Third Baseman,8,16,"$599,000",,,,,,,,,,,,,,
Carl Edwards Jr.,Chicago Cubs,Pitcher,4,8,"$594,000",,,,,,,,,,,,,,
Max Kepler,Minnesota Twins,Outfielder,6,12,"$587,500",,,,,,,,,,,,,,
Cody Bellinger,Los Angeles Dodgers,First Baseman,1,2,"$585,000",,,,,,,,,,,,,,
Ryan LaMarre,Minnesota Twins,Outfielder,7,14,"$585,000",,,,,,,,,,,,,,
Albert Almora Jr.,Chicago Cubs,Outfielder,8,14,"$584,500",,,,,,,,,,,,,,
Hector Neris,Philadelphia Phillies,Pitcher,8,16,"$582,500",,,,,,,,,,,,,,
Greg Bird,New York Yankees,First Baseman,1,2,"$582,000",,,,,,,,,,,,,,
Archie Bradley,Arizona Diamondbacks,Pitcher,10,14,"$581,900",,,,,,,,,,,,,,
Heath Hembree,Boston Red Sox,Pitcher,4,8,"$581,500",,,,,,,,,,,,,,
Jordan Montgomery,New York Yankees,Pitcher,4,8,"$580,450",,,,,,,,,,,,,,
Byron Buxton,Minnesota Twins,Outfielder,5,10,"$580,000",,,,,,,,,,,,,,
Raffy Lopez,San Diego Padres,Catcher,6,12,"$580,000",,,,,,,,,,,,,,
Scott Schebler,Cincinnati Reds,Outfielder,4,8,"$580,000",,,,,,,,,,,,,,
Zack Godley,Arizona Diamondbacks,Pitcher,9,18,"$579,200",,,,,,,,,,,,,,
Brandon Finnegan,Cincinnati Reds,Pitcher,6,12,"$577,500",,,,,,,,,,,,,,
Trea Turner,Washington Nationals,Shortstop,7,14,"$577,200",,,,,,,,,,,,,,
Steven Matz,New York Mets,Pitcher,9,18,"$577,000",,,,,,,,,,,,,,
Michael Feliz,Pittsburgh Pirates,Pitcher,6,12,"$575,500",,,,,,,,,,,,,,
Michael Fulmer,Detroit Tigers,Pitcher,4,8,"$575,200",,,,,,,,,,,,,,
Charlie Culberson,Atlanta Braves,Shortstop,6,12,"$575,000",,,,,,,,,,,,,,
Chris Stewart,Atlanta Braves,Catcher,4,8,"$575,000",,,,,,,,,,,,,,
Chris Taylor,Los Angeles Dodgers,Outfielder,6,12,"$575,000",,,,,,,,,,,,,,
Jorge Polanco,Minnesota Twins,Shortstop,7,14,"$575,000",,,,,,,,,,,,,,
Jose Urena,Miami Marlins,Pitcher,8,14,"$575,000",,,,,,,,,,,,,,
Lane Adams,Atlanta Braves,Outfielder,11,22,"$575,000",,,,,,,,,,,,,,
Peter Moylan,Atlanta Braves,Pitcher,7,14,"$575,000",,,,,,,,,,,,,,
Ryan Tepera,Toronto Blue Jays,Pitcher,6,12,"$574,700",,,,,,,,,,,,,,
Jesse Hahn,Kansas City Royals,Pitcher,5,10,"$574,000",,,,,,,,,,,,,,
Brian Flynn,Kansas City Royals,Pitcher,4,8,"$573,500",,,,,,,,,,,,,,
Cheslor Cuthbert,Kansas City Royals,Third Baseman,2,4,"$573,500",,,,,,,,,,,,,,
Aaron Nola,Philadelphia Phillies,Pitcher,3,6,"$573,000",,,,,,,,,,,,,,
Josh Bell,Pittsburgh Pirates,First Baseman,4,8,"$572,500",,,,,,,,,,,,,,
Domingo Santana,Milwaukee Brewers,Outfielder,9,18,"$572,400",,,,,,,,,,,,,,
Zach Davies,Milwaukee Brewers,Pitcher,6,12,"$572,000",,,,,,,,,,,,,,
Adam Frazier,Pittsburgh Pirates,Outfielder,3,6,"$571,000",,,,,,,,,,,,,,
Jameson Taillon,Pittsburgh Pirates,Pitcher,4,8,"$571,000",,,,,,,,,,,,,,
Joe Musgrove,Pittsburgh Pirates,Pitcher,8,16,"$571,000",,,,,,,,,,,,,,
Chad Green,New York Yankees,Pitcher,8,16,"$570,800",,,,,,,,,,,,,,
Edwin Diaz,Seattle Mariners,Pitcher,7,14,"$570,800",,,,,,,,,,,,,,
Eddie Butler,Chicago Cubs,Pitcher,5,10,"$570,750",,,,,,,,,,,,,,
Chad Kuhl,Pittsburgh Pirates,Pitcher,4,8,"$570,500",,,,,,,,,,,,,,
Josh Smoker,Pittsburgh Pirates,Pitcher,3,6,"$570,500",,,,,,,,,,,,,,
Tommy Pham,St. Louis Cardinals,Outfielder,3,6,"$570,100",,,,,,,,,,,,,,
Ian Happ,Chicago Cubs,Outfielder,2,4,"$570,000",,,,,,,,,,,,,,
Jose Berrios,Minnesota Twins,Pitcher,5,10,"$570,000",,,,,,,,,,,,,,
Jose Peraza,Cincinnati Reds,Shortstop,7,14,"$570,000",,,,,,,,,,,,,,
Matt Davidson,Chicago White Sox,Designated Hitter,3,6,"$570,000",,,,,,,,,,,,,,
Greg Garcia,St. Louis Cardinals,Third Baseman,7,14,"$569,600",,,,,,,,,,,,,,
Trevor Williams,Pittsburgh Pirates,Pitcher,7,14,"$569,500",,,,,,,,,,,,,,
Whit Merrifield,Kansas City Royals,Second Baseman,8,16,"$569,500",,,,,,,,,,,,,,
Paulo Orlando,Kansas City Royals,Outfielder,4,8,"$568,500",,,,,,,,,,,,,,
Alex Claudio,Texas Rangers,Pitcher,5,10,"$568,450",,,,,,,,,,,,,,
Jerad Eickhoff,Philadelphia Phillies,Pitcher,6,12,"$568,000",,,,,,,,,,,,,,
Joe Ross,Washington Nationals,Pitcher,2,4,"$567,900",,,,,,,,,,,,,,
James Hoyt,Houston Astros,Pitcher,4,8,"$567,700",,,,,,,,,,,,,,
Travis Shaw,Milwaukee Brewers,Third Baseman,5,10,"$567,400",,,,,,,,,,,,,,
A.J. Schugel,Pittsburgh Pirates,Pitcher,6,12,"$567,000",,,,,,,,,,,,,,
Luis Perdomo,San Diego Padres,Pitcher,2,4,"$566,800",,,,,,,,,,,,,,
Mychal Givens,Baltimore Orioles,Pitcher,1,2,"$566,500",,,,,,,,,,,,,,
Matt Bowman,St. Louis Cardinals,Pitcher,8,16,"$565,900",,,,,,,,,,,,,,
Dansby Swanson,Atlanta Braves,Shortstop,2,4,"$565,000",,,,,,,,,,,,,,
Enny Romero,Washington Nationals,Pitcher,5,10,"$565,000",,,,,,,,,,,,,,
Jose Ramirez,Atlanta Braves,Pitcher,2,4,"$565,000",,,,,,,,,,,,,,
Preston Tucker,Atlanta Braves,Outfielder,8,16,"$565,000",,,,,,,,,,,,,,
Taylor Rogers,Minnesota Twins,Pitcher,5,10,"$565,000",,,,,,,,,,,,,,
Ty Blach,San Francisco Giants,Pitcher,2,4,"$565,000",,,,,,,,,,,,,,
Tyler Saladino,Chicago White Sox,Third Baseman,2,4,"$565,000",,,,,,,,,,,,,,
Tyler Naquin,Cleveland Indians,Outfielder,2,4,"$564,800",,,,,,,,,,,,,,
Rafael Devers,Boston Red Sox,Third Baseman,5,10,"$564,500",,,,,,,,,,,,,,
Seth Lugo,New York Mets,Pitcher,6,12,"$564,000",,,,,,,,,,,,,,
Nomar Mazara,Texas Rangers,Outfielder,8,16,"$563,560",,,,,,,,,,,,,,
Blake Swihart,Boston Red Sox,Catcher,4,8,"$563,500",,,,,,,,,,,,,,
Robert Gsellman,New York Mets,Pitcher,5,10,"$562,375",,,,,,,,,,,,,,
Matthew Boyd,Detroit Tigers,Pitcher,4,8,"$562,000",,,,,,,,,,,,,,
Jorge Bonifacio,Kansas City Royals,Outfielder,3,6,"$561,900",,,,,,,,,,,,,,
Danny Barnes,Toronto Blue Jays,Pitcher,3,6,"$561,600",,,,,,,,,,,,,,
Delino DeShields,Texas Rangers,Outfielder,1,2,"$561,500",,,,,,,,,,,,,,
Deven Marrero,Arizona Diamondbacks,Shortstop,2,4,"$561,500",,,,,,,,,,,,,,
Gorkys Hernandez,San Francisco Giants,Outfielder,1,2,"$561,500",,,,,,,,,,,,,,
Nick Goody,Cleveland Indians,Pitcher,3,6,"$561,500",,,,,,,,,,,,,,
Daniel Norris,Detroit Tigers,Pitcher,4,8,"$561,400",,,,,,,,,,,,,,
Aaron Altherr,Philadelphia Phillies,Outfielder,2,4,"$561,000",,,,,,,,,,,,,,
Jose Martinez,St. Louis Cardinals,Outfielder,2,4,"$560,400",,,,,,,,,,,,,,
Mikie Mahtook,Detroit Tigers,Outfielder,4,8,"$560,400",,,,,,,,,,,,,,
Sammy Solis,Washington Nationals,Pitcher,2,4,"$560,300",,,,,,,,,,,,,,
Mitch Haniger,Seattle Mariners,Outfielder,3,6,"$560,200",,,,,,,,,,,,,,
Manny Pina,Milwaukee Brewers,Catcher,6,12,"$560,100",,,,,,,,,,,,,,
Adam Morgan,Philadelphia Phillies,Pitcher,8,16,"$560,000",,,,,,,,,,,,,,
Joey Gallo,Texas Rangers,First Baseman,3,6,"$560,000",,,,,,,,,,,,,,
Kelby Tomlinson,San Francisco Giants,Second Baseman,4,8,"$560,000",,,,,,,,,,,,,,
Kevan Smith,Chicago White Sox,Catcher,8,16,"$560,000",,,,,,,,,,,,,,
Omar Narvaez,Chicago White Sox,Catcher,7,14,"$560,000",,,,,,,,,,,,,,
Yadiel Rivera,Miami Marlins,Third Baseman,5,10,"$560,000",,,,,,,,,,,,,,
Orlando Arcia,Milwaukee Brewers,Shortstop,4,8,"$559,600",,,,,,,,,,,,,,
Clint Frazier,New York Yankees,Outfielder,3,6,"$559,200",,,,,,,,,,,,,,
Ryon Healy,Seattle Mariners,First Baseman,3,6,"$559,200",,,,,,,,,,,,,,
Elias Diaz,Pittsburgh Pirates,Catcher,2,4,"$559,000",,,,,,,,,,,,,,
Jefry Marte,Los Angeles Angels,First Baseman,5,10,"$559,000",,,,,,,,,,,,,,
Vince Velasquez,Philadelphia Phillies,Pitcher,7,14,"$559,000",,,,,,,,,,,,,,
Jacob Barnes,Milwaukee Brewers,Pitcher,3,6,"$558,900",,,,,,,,,,,,,,
Tyler Austin,New York Yankees,First Baseman,7,14,"$558,600",,,,,,,,,,,,,,
Mike Clevinger,Cleveland Indians,Pitcher,7,14,"$558,500",,,,,,,,,,,,,,
Luke Maile,Toronto Blue Jays,Catcher,8,16,"$558,400",,,,,,,,,,,,,,
Matt Andriese,Tampa Bay Rays,Pitcher,4,8,"$558,400",,,,,,,,,,,,,,
Blake Snell,Tampa Bay Rays,Pitcher,5,10,"$558,200",,,,,,,,,,,,,,
Ben Gamel,Seattle Mariners,Outfielder,6,12,"$558,100",,,,,,,,,,,,,,
Rafael Montero,New York Mets,Pitcher,2,4,"$558,025",,,,,,,,,,,,,,
Gregory Infante,Chicago White Sox,Pitcher,4,8,"$558,000",,,,,,,,,,,,,,
John Ryan Murphy,Arizona Diamondbacks,Catcher,5,10,"$558,000",,,,,,,,,,,,,,
Josh Osich,San Francisco Giants,Pitcher,6,12,"$558,000",,,,,,,,,,,,,,
Juan Minaya,Chicago White Sox,Pitcher,2,4,"$558,000",,,,,,,,,,,,,,
Wilmer Difo,Washington Nationals,Second Baseman,1,2,"$557,900",,,,,,,,,,,,,,
Dovydas Neverauskas,Pittsburgh Pirates,Pitcher,8,16,"$557,500",,,,,,,,,,,,,,
Wandy Peralta,Cincinnati Reds,Pitcher,2,4,"$557,500",,,,,,,,,,,,,,
Kevin Plawecki,New York Mets,Catcher,5,10,"$557,471",,,,,,,,,,,,,,
Jesus Aguilar,Milwaukee Brewers,First Baseman,2,4,"$557,200",,,,,,,,,,,,,,
Max Stassi,Houston Astros,Catcher,8,16,"$557,100",,,,,,,,,,,,,,
Matt Grace,Washington Nationals,Pitcher,5,10,"$557,000",,,,,,,,,,,,,,
Steven Brault,Pittsburgh Pirates,Pitcher,2,4,"$557,000",,,,,,,,,,,,,,
Manuel Margot,San Diego Padres,Outfielder,2,4,"$556,900",,,,,,,,,,,,,,
Brent Suter,Milwaukee Brewers,Pitcher,2,4,"$556,500",,,,,,,,,,,,,,
Edgar Santana,Pittsburgh Pirates,Pitcher,5,10,"$556,500",,,,,,,,,,,,,,
Josh Hader,Milwaukee Brewers,Pitcher,6,12,"$556,500",,,,,,,,,,,,,,
Trey Mancini,Baltimore Orioles,Outfielder,8,16,"$556,500",,,,,,,,,,,,,,
Tyler Glasnow,Pittsburgh Pirates,Pitcher,4,8,"$556,500",,,,,,,,,,,,,,
Jandel Gustave,Houston Astros,Pitcher,5,10,"$556,400",,,,,,,,,,,,,,
Jose Pirela,San Diego Padres,Outfielder,4,8,"$556,200",,,,,,,,,,,,,,
Richard Bleier,Baltimore Orioles,Pitcher,3,6,"$556,000",,,,,,,,,,,,,,
Brandon Nimmo,New York Mets,Outfielder,3,6,"$555,968",,,,,,,,,,,,,,
Matt Bush,Texas Rangers,Pitcher,1,2,"$555,950",,,,,,,,,,,,,,
Dinelson Lamet,San Diego Padres,Pitcher,2,4,"$555,700",,,,,,,,,,,,,,
Colin Rea,San Diego Padres,Pitcher,1,2,"$555,600",,,,,,,,,,,,,,
A.J. Cole,Washington Nationals,Pitcher,3,6,"$555,300",,,,,,,,,,,,,,
A.J. Minter,Atlanta Braves,Pitcher,4,8,"$555,000",,,,,,,,,,,,,,
Austin Barnes,Los Angeles Dodgers,Catcher,2,4,"$555,000",,,,,,,,,,,,,,
Jake Faria,Tampa Bay Rays,Pitcher,2,4,"$555,000",,,,,,,,,,,,,,
Jarlin Garcia,Miami Marlins,Pitcher,4,8,"$555,000",,,,,,,,,,,,,,
Johan Camargo,Atlanta Braves,Third Baseman,2,4,"$555,000",,,,,,,,,,,,,,
Jon Gray,Colorado Rockies,Pitcher,3,6,"$555,000",,,,,,,,,,,,,,
Lucas Giolito,Chicago White Sox,Pitcher,3,6,"$555,000",,,,,,,,,,,,,,
Luis Castillo,Cincinnati Reds,Pitcher,4,8,"$555,000",,,,,,,,,,,,,,
Luiz Gohara,Atlanta Braves,Pitcher,6,12,"$555,000",,,,,,,,,,,,,,
Ozzie Albies,Atlanta Braves,Second Baseman,2,4,"$555,000",,,,,,,,,,,,,,
Phillip Evans,New York Mets,Third Baseman,4,8,"$555,000",,,,,,,,,,,,,,
Reynaldo Lopez,Chicago White Sox,Pitcher,6,12,"$555,000",,,,,,,,,,,,,,
Ross Stripling,Los Angeles Dodgers,Pitcher,1,2,"$555,000",,,,,,,,,,,,,,
Ryan Buchter,Oakland Athletics,Pitcher,2,4,"$555,000",,,,,,,,,,,,,,
Ryan Dull,Oakland Athletics,Pitcher,3,6,"$555,000",,,,,,,,,,,,,,
Scott Alexander,Los Angeles Dodgers,Pitcher,1,2,"$555,000",,,,,,,,,,,,,,
Scott Oberg,Colorado Rockies,Pitcher,1,2,"$555,000",,,,,,,,,,,,,,
Sean Newcomb,Atlanta Braves,Pitcher,3,6,"$555,000",,,,,,,,,,,,,,
Shane Carle,Atlanta Braves,Pitcher,4,8,"$555,000",,,,,,,,,,,,,,
Trevor Gott,Washington Nationals,Pitcher,6,12,"$555,000",,,,,,,,,,,,,,
Trevor Hildenberger,Minnesota Twins,Pitcher,3,6,"$555,000",,,,,,,,,,,,,,
Trevor Story,Colorado Rockies,Shortstop,1,2,"$555,000",,,,,,,,,,,,,,
Tyler Anderson,Colorado Rockies,Pitcher,3,6,"$555,000",,,,,,,,,,,,,,
Yoan Moncada,Chicago White Sox,Second Baseman,3,6,"$555,000",,,,,,,,,,,,,,
Buck Farmer,Detroit Tigers,Pitcher,4,8,"$554,800",,,,,,,,,,,,,,
Sam Tuivailala,St. Louis Cardinals,Pitcher,8,16,"$554,600",,,,,,,,,,,,,,
Derek Fisher,Houston Astros,Outfielder,9,18,"$554,400",,,,,,,,,,,,,,
Oliver Drake,Milwaukee Brewers,Pitcher,6,12,"$554,300",,,,,,,,,,,,,,
Jakob Junis,Kansas City Royals,Pitcher,4,8,"$554,250",,,,,,,,,,,,,,
Edubray Ramos,Philadelphia Phillies,Pitcher,9,18,"$554,000",,,,,,,,,,,,,,
Marco Hernandez,Boston Red Sox,Shortstop,6,12,"$554,000",,,,,,,,,,,,,,
Brian Goodwin,Washington Nationals,Outfielder,8,16,"$553,900",,,,,,,,,,,,,,
James Pazos,Seattle Mariners,Pitcher,5,10,"$553,900",,,,,,,,,,,,,,
Jonathan Holder,New York Yankees,Pitcher,4,8,"$553,850",,,,,,,,,,,,,,
Hunter Renfroe,San Diego Padres,Outfielder,5,10,"$553,800",,,,,,,,,,,,,,
Dixon Machado,Detroit Tigers,Second Baseman,5,10,"$553,600",,,,,,,,,,,,,,
Mike Wright Jr.,Baltimore Orioles,Pitcher,6,12,"$553,500",,,,,,,,,,,,,,
Paul Sewald,New York Mets,Pitcher,2,4,"$553,250",,,,,,,,,,,,,,
Austin Hedges,San Diego Padres,Catcher,2,4,"$553,100",,,,,,,,,,,,,,
Mallex Smith,Tampa Bay Rays,Outfielder,2,4,"$553,000",,,,,,,,,,,,,,
Miguel Castro,Baltimore Orioles,Pitcher,1,2,"$553,000",,,,,,,,,,,,,,
Nick Williams,Philadelphia Phillies,Outfielder,2,4,"$553,000",,,,,,,,,,,,,,
Nicky Delmonico,Chicago White Sox,Outfielder,2,4,"$553,000",,,,,,,,,,,,,,
Bryan Mitchell,San Diego Padres,Pitcher,2,4,"$552,800",,,,,,,,,,,,,,
Matt Strahm,San Diego Padres,Pitcher,2,4,"$552,700",,,,,,,,,,,,,,
Chris Stratton,San Francisco Giants,Pitcher,2,4,"$552,500",,,,,,,,,,,,,,
Rhys Hoskins,Philadelphia Phillies,Outfielder,2,4,"$552,500",,,,,,,,,,,,,,
Rob Refsnyder,Tampa Bay Rays,Second Baseman,3,6,"$552,500",,,,,,,,,,,,,,
Burch Smith,Kansas City Royals,Pitcher,1,2,"$552,450",,,,,,,,,,,,,,
Jose Leclerc,Texas Rangers,Pitcher,2,4,"$552,300",,,,,,,,,,,,,,
Adam Engel,Chicago White Sox,Outfielder,5,10,"$552,000",,,,,,,,,,,,,,
Austin Maddox,Boston Red Sox,Pitcher,4,8,"$552,000",,,,,,,,,,,,,,
Carson Fulmer,Chicago White Sox,Pitcher,6,12,"$552,000",,,,,,,,,,,,,,
Dalton Pompey,Toronto Blue Jays,Outfielder,4,8,"$552,000",,,,,,,,,,,,,,
Daniel Stumpf,Detroit Tigers,Pitcher,5,10,"$552,000",,,,,,,,,,,,,,
Koda Glover,Washington Nationals,Pitcher,6,12,"$551,700",,,,,,,,,,,,,,
Alex Dickerson,San Diego Padres,Outfielder,4,8,"$551,600",,,,,,,,,,,,,,
Alex Meyer,Los Angeles Angels,Pitcher,5,10,"$551,500",,,,,,,,,,,,,,
Drew VerHagen,Detroit Tigers,Pitcher,8,16,"$551,400",,,,,,,,,,,,,,
John Hicks,Detroit Tigers,Catcher,4,8,"$551,300",,,,,,,,,,,,,,
Tyler Wade,New York Yankees,Outfielder,6,12,"$551,300",,,,,,,,,,,,,,
Bradley Zimmer,Cleveland Indians,Outfielder,1,2,"$551,200",,,,,,,,,,,,,,
Keynan Middleton,Los Angeles Angels,Pitcher,7,14,"$551,000",,,,,,,,,,,,,,
Nick Pivetta,Philadelphia Phillies,Pitcher,8,16,"$551,000",,,,,,,,,,,,,,
Luke Weaver,St. Louis Cardinals,Pitcher,8,16,"$550,800",,,,,,,,,,,,,,
Jett Bandy,Milwaukee Brewers,Catcher,6,12,"$550,700",,,,,,,,,,,,,,
Warwick Saupold,Detroit Tigers,Pitcher,8,16,"$550,400",,,,,,,,,,,,,,
Marco Gonzales,Seattle Mariners,Pitcher,3,6,"$550,300",,,,,,,,,,,,,,
Austin Pruitt,Tampa Bay Rays,Pitcher,4,8,"$550,200",,,,,,,,,,,,,,
Brandon Woodruff,Milwaukee Brewers,Pitcher,8,16,"$550,100",,,,,,,,,,,,,,
Carlos Asuaje,San Diego Padres,Second Baseman,7,14,"$550,100",,,,,,,,,,,,,,
J.D. Davis,Houston Astros,Third Baseman,5,10,"$550,100",,,,,,,,,,,,,,
Andrew Triggs,Oakland Athletics,Pitcher,4,8,"$550,000",,,,,,,,,,,,,,
Antonio Senzatela,Colorado Rockies,Pitcher,3,6,"$550,000",,,,,,,,,,,,,,
Ben Lively,Philadelphia Phillies,Pitcher,3,6,"$550,000",,,,,,,,,,,,,,
Bruce Maxwell,Oakland Athletics,Catcher,2,4,"$550,000",,,,,,,,,,,,,,
Carlos Estevez,Colorado Rockies,Pitcher,5,10,"$550,000",,,,,,,,,,,,,,
Chad Pinder,Oakland Athletics,Shortstop,7,14,"$550,000",,,,,,,,,,,,,,
Colin Moran,Pittsburgh Pirates,Third Baseman,3,6,"$550,000",,,,,,,,,,,,,,
Daniel Coulombe,Oakland Athletics,Pitcher,7,14,"$550,000",,,,,,,,,,,,,,
German Marquez,Colorado Rockies,Pitcher,7,14,"$550,000",,,,,,,,,,,,,,
J.T. Chargois,Los Angeles Dodgers,Pitcher,8,16,"$550,000",,,,,,,,,,,,,,
Jharel Cotton,Oakland Athletics,Pitcher,4,8,"$550,000",,,,,,,,,,,,,,
Julio Urias,Los Angeles Dodgers,Pitcher,5,10,"$550,000",,,,,,,,,,,,,,
Kyle Freeland,Colorado Rockies,Pitcher,6,12,"$550,000",,,,,,,,,,,,,,
Pat Valaika,Colorado Rockies,Shortstop,2,4,"$550,000",,,,,,,,,,,,,,
Roberto E Gomez,San Francisco Giants,Pitcher,4,8,"$550,000",,,,,,,,,,,,,,
Sean Manaea,Oakland Athletics,Pitcher,5,10,"$550,000",,,,,,,,,,,,,,
Tony Wolters,Colorado Rockies,Catcher,6,12,"$550,000",,,,,,,,,,,,,,
Wilmer Font,Los Angeles Dodgers,Pitcher,2,4,"$550,000",,,,,,,,,,,,,,
Dan Altavilla,Seattle Mariners,Pitcher,1,2,"$549,900",,,,,,,,,,,,,,
Jose Alvarado,Tampa Bay Rays,Pitcher,8,16,"$549,800",,,,,,,,,,,,,,
Mark Leiter,Philadelphia Phillies,Pitcher,2,4,"$549,500",,,,,,,,,,,,,,
JaCoby Jones,Detroit Tigers,Outfielder,5,10,"$549,400",,,,,,,,,,,,,,
Aaron Bummer,Chicago White Sox,Pitcher,2,4,"$549,000",,,,,,,,,,,,,,
Gabriel Ynoa,Baltimore Orioles,Pitcher,8,16,"$549,000",,,,,,,,,,,,,,
Jake Thompson,Philadelphia Phillies,Pitcher,5,10,"$549,000",,,,,,,,,,,,,,
Amed Rosario,New York Mets,Shortstop,2,4,"$548,940",,,,,,,,,,,,,,
Johnny Barbato,Detroit Tigers,Pitcher,2,4,"$548,600",,,,,,,,,,,,,,
Allen Cordoba,San Diego Padres,Second Baseman,2,4,"$548,500",,,,,,,,,,,,,,
Christian Villanueva,San Diego Padres,Third Baseman,5,10,"$548,500",,,,,,,,,,,,,,
Noe Ramirez,Los Angeles Angels,Pitcher,6,12,"$548,500",,,,,,,,,,,,,,
Daniel Robertson,Tampa Bay Rays,Shortstop,8,16,"$548,300",,,,,,,,,,,,,,
Giovanny Urshela,Cleveland Indians,Third Baseman,4,8,"$548,300",,,,,,,,,,,,,,
Jeimer Candelario,Detroit Tigers,Third Baseman,5,10,"$548,300",,,,,,,,,,,,,,
Tyler Olson,Cleveland Indians,Pitcher,4,8,"$548,300",,,,,,,,,,,,,,
Andrew Kittredge,Tampa Bay Rays,Pitcher,3,6,"$548,100",,,,,,,,,,,,,,
Andrew Knapp,Philadelphia Phillies,Catcher,3,6,"$548,000",,,,,,,,,,,,,,
Brian Johnson,Boston Red Sox,Pitcher,1,2,"$548,000",,,,,,,,,,,,,,
Hoby Milner,Philadelphia Phillies,Pitcher,2,4,"$548,000",,,,,,,,,,,,,,
Drew Robinson,Texas Rangers,Outfielder,1,2,"$547,990",,,,,,,,,,,,,,
Erik Gonzalez,Cleveland Indians,Shortstop,3,6,"$547,800",,,,,,,,,,,,,,
Gift Ngoepe,Toronto Blue Jays,Second Baseman,4,8,"$547,600",,,,,,,,,,,,,,
Amir Garrett,Cincinnati Reds,Pitcher,2,4,"$547,500",,,,,,,,,,,,,,
Austin Brice,Cincinnati Reds,Pitcher,2,4,"$547,500",,,,,,,,,,,,,,
Boog Powell,Oakland Athletics,Outfielder,4,8,"$547,500",,,,,,,,,,,,,,
Cody Reed,Cincinnati Reds,Pitcher,2,4,"$547,500",,,,,,,,,,,,,,
Daniel Gossett,Oakland Athletics,Pitcher,3,6,"$547,500",,,,,,,,,,,,,,
Daniel Mengden,Oakland Athletics,Pitcher,3,6,"$547,500",,,,,,,,,,,,,,
Emilio Pagan,Oakland Athletics,Pitcher,4,8,"$547,500",,,,,,,,,,,,,,
Kyle Farmer,Los Angeles Dodgers,Catcher,6,12,"$547,500",,,,,,,,,,,,,,
Matt Chapman,Oakland Athletics,Third Baseman,2,4,"$547,500",,,,,,,,,,,,,,
Matt Olson,Oakland Athletics,First Baseman,4,8,"$547,500",,,,,,,,,,,,,,
Mitch Garver,Minnesota Twins,Catcher,6,12,"$547,500",,,,,,,,,,,,,,
Paul Blackburn,Oakland Athletics,Pitcher,1,2,"$547,500",,,,,,,,,,,,,,
Victor Caratini,Chicago Cubs,Catcher,2,4,"$547,500",,,,,,,,,,,,,,
Joe Jimenez,Detroit Tigers,Pitcher,3,6,"$547,200",,,,,,,,,,,,,,
Raul Mondesi,Kansas City Royals,Second Baseman,1,2,"$547,125",,,,,,,,,,,,,,
Hector Velazquez,Boston Red Sox,Pitcher,1,2,"$547,000",,,,,,,,,,,,,,
Jeff Hoffman,Colorado Rockies,Pitcher,3,6,"$547,000",,,,,,,,,,,,,,
Jorge Alfaro,Philadelphia Phillies,Catcher,4,8,"$547,000",,,,,,,,,,,,,,
Mike Tauchman,Colorado Rockies,Outfielder,6,12,"$547,000",,,,,,,,,,,,,,
Ricardo Rodriguez,Texas Rangers,Pitcher,3,6,"$547,000",,,,,,,,,,,,,,
Ryan McMahon,Colorado Rockies,First Baseman,1,2,"$547,000",,,,,,,,,,,,,,
Joey Wendle,Tampa Bay Rays,Second Baseman,3,6,"$546,900",,,,,,,,,,,,,,
Kyle McGrath,San Diego Padres,Pitcher,3,6,"$546,900",,,,,,,,,,,,,,
Dominic Smith,New York Mets,First Baseman,4,8,"$546,800",,,,,,,,,,,,,,
Eric Skoglund,Kansas City Royals,Pitcher,8,16,"$546,625",,,,,,,,,,,,,,
Anthony Santander,Baltimore Orioles,Outfielder,9,18,"$546,500",,,,,,,,,,,,,,
Chance Sisco,Baltimore Orioles,Catcher,6,12,"$546,500",,,,,,,,,,,,,,
Franchy Cordero,San Diego Padres,Outfielder,4,8,"$546,500",,,,,,,,,,,,,,
Cam Gallagher,Kansas City Royals,Catcher,9,18,"$546,400",,,,,,,,,,,,,,
Bubba Starling,Kansas City Royals,Outfielder,6,12,"$546,200",,,,,,,,,,,,,,
Casey Lawrence,Seattle Mariners,Pitcher,8,16,"$546,000",,,,,,,,,,,,,,
Clayton Blackburn,Texas Rangers,Pitcher,5,10,"$546,000",,,,,,,,,,,,,,
Raudy Read,Washington Nationals,Catcher,4,8,"$546,000",,,,,,,,,,,,,,
Ronald Herrera,Texas Rangers,Pitcher,5,10,"$546,000",,,,,,,,,,,,,,
Ryan Merritt,Cleveland Indians,Pitcher,5,10,"$545,800",,,,,,,,,,,,,,
Daniel Vogelbach,Seattle Mariners,First Baseman,6,12,"$545,700",,,,,,,,,,,,,,
Mike Marjama,Seattle Mariners,Catcher,2,4,"$545,700",,,,,,,,,,,,,,
Jacob Rhame,New York Mets,Pitcher,2,4,"$545,650",,,,,,,,,,,,,,
Alex Reyes,St. Louis Cardinals,Pitcher,2,4,"$545,600",,,,,,,,,,,,,,
Jose De Leon,Tampa Bay Rays,Pitcher,1,2,"$545,600",,,,,,,,,,,,,,
J.P. Crawford,Philadelphia Phillies,Shortstop,2,4,"$545,500",,,,,,,,,,,,,,
Reyes Moronta,San Francisco Giants,Pitcher,2,4,"$545,500",,,,,,,,,,,,,,
Victor Arano,Philadelphia Phillies,Pitcher,2,4,"$545,500",,,,,,,,,,,,,,
Anthony Alford,Toronto Blue Jays,Outfielder,2,4,"$545,400",,,,,,,,,,,,,,
Adam Cimber,San Diego Padres,Pitcher,2,4,"$545,000",,,,,,,,,,,,,,
Bobby Poyner,Boston Red Sox,Pitcher,2,4,"$545,000",,,,,,,,,,,,,,
Brad Keller,Kansas City Royals,Pitcher,3,6,"$545,000",,,,,,,,,,,,,,
Brady Rodgers,Houston Astros,Pitcher,1,2,"$545,000",,,,,,,,,,,,,,
Brian Anderson,Miami Marlins,Third Baseman,2,4,"$545,000",,,,,,,,,,,,,,
Carlos Tocci,Texas Rangers,Outfielder,5,10,"$545,000",,,,,,,,,,,,,,
Chad Wallach,Miami Marlins,Catcher,4,8,"$545,000",,,,,,,,,,,,,,
Cody Anderson,Cleveland Indians,Pitcher,6,12,"$545,000",,,,,,,,,,,,,,
Dean Deetz,Houston Astros,Pitcher,4,8,"$545,000",,,,,,,,,,,,,,
Gabriel Moya,Minnesota Twins,Pitcher,5,10,"$545,000",,,,,,,,,,,,,,
Garrett Cooper,Miami Marlins,First Baseman,6,12,"$545,000",,,,,,,,,,,,,,
Jack Flaherty,St. Louis Cardinals,Pitcher,4,8,"$545,000",,,,,,,,,,,,,,
Jackson Stephens,Cincinnati Reds,Pitcher,5,10,"$545,000",,,,,,,,,,,,,,
Jesse Winker,Cincinnati Reds,Outfielder,8,16,"$545,000",,,,,,,,,,,,,,
Joe Palumbo,Texas Rangers,Pitcher,4,8,"$545,000",,,,,,,,,,,,,,
Jordan Hicks,St. Louis Cardinals,Pitcher,6,12,"$545,000",,,,,,,,,,,,,,
JT Riddle,Miami Marlins,Shortstop,1,2,"$545,000",,,,,,,,,,,,,,
Julian Fernandez,San Francisco Giants,Pitcher,7,14,"$545,000",,,,,,,,,,,,,,
Kevin Shackelford,Cincinnati Reds,Pitcher,8,16,"$545,000",,,,,,,,,,,,,,
Lewis Brinson,Miami Marlins,Outfielder,8,16,"$545,000",,,,,,,,,,,,,,
Luke Bard,Los Angeles Angels,Pitcher,11,22,"$545,000",,,,,,,,,,,,,,
Marcus Walden,Boston Red Sox,Pitcher,2,4,"$545,000",,,,,,,,,,,,,,
Mike Mayers,St. Louis Cardinals,Pitcher,5,10,"$545,000",,,,,,,,,,,,,,
Nestor Cortes,Baltimore Orioles,Pitcher,6,12,"$545,000",,,,,,,,,,,,,,
Nick Burdi,Pittsburgh Pirates,Pitcher,8,13,"$545,000",,,,,,,,,,,,,,
Nik Turley,Pittsburgh Pirates,Pitcher,4,8,"$545,000",,,,,,,,,,,,,,
Pedro Araujo,Baltimore Orioles,Pitcher,8,13,"$545,000",,,,,,,,,,,,,,
Phillip Ervin,Cincinnati Reds,Outfielder,4,8,"$545,000",,,,,,,,,,,,,,
Pierce Johnson,San Francisco Giants,Pitcher,4,8,"$545,000",,,,,,,,,,,,,,
Rayan Gonzalez,Colorado Rockies,Pitcher,11,13,"$545,000",,,,,,,,,,,,,,
Renato Nunez,Oakland Athletics,Outfielder,5,10,"$545,000",,,,,,,,,,,,,,
Rookie Davis,Cincinnati Reds,Pitcher,2,4,"$545,000",,,,,,,,,,,,,,
Ryan Yarbrough,Tampa Bay Rays,Pitcher,6,10,"$545,000",,,,,,,,,,,,,,
Sal Romano,Cincinnati Reds,Pitcher,3,6,"$545,000",,,,,,,,,,,,,,
Tayron Guerrero,Miami Marlins,Pitcher,4,8,"$545,000",,,,,,,,,,,,,,
Thomas Pannone,Toronto Blue Jays,Pitcher,2,4,"$545,000",,,,,,,,,,,,,,
Tim Hill,Kansas City Royals,Pitcher,8,11,"$545,000",,,,,,,,,,,,,,
Tomas Telis,Miami Marlins,Catcher,5,10,"$545,000",,,,,,,,,,,,,,
Tyler Kinley,Minnesota Twins,Pitcher,4,8,"$545,000",,,,,,,,,,,,,,
Tyler Mahle,Cincinnati Reds,Pitcher,5,9,"$545,000",,,,,,,,,,,,,,
Victor Reyes,Detroit Tigers,Outfielder,8,12,"$545,000",,,,,,,,,,,,,,
Yairo Munoz,St. Louis Cardinals,Shortstop,8,11,"$545,000",,,,,,,,,,,,,,
Yonny Chirinos,Tampa Bay Rays,Pitcher,8,12,"$545,000",,,,,,,,,,,,,,
Zack Weiss,Cincinnati Reds,Pitcher,7,11,"$545,000",,,,,,,,,,,,,,
